wildtype,site,chain,residue,residue_name,distance,residues_within_4,custom_source,E2_PDB_residue
ILE,188,B,120,PHE,28.769655,0,E2,F
CYS,189,B,120,PHE,29.304514,0,E2,F
LEU,190,B,122,PRO,30.124113,0,E2,P
GLN,191,B,57,LYS,27.960058,0,E2,K
LYS,192,B,57,LYS,22.508356,0,E2,K
THR,193,B,57,LYS,23.61246,0,E2,K
SER,194,B,57,LYS,22.785185,0,E2,K
ASN,195,B,57,LYS,24.057997,0,E2,K
GLN,196,B,57,LYS,22.655617,0,E2,K
ILE,197,B,120,PHE,25.040907,0,E2,F
LEU,198,B,120,PHE,21.03869,0,E2,F
LYS,199,B,120,PHE,20.83773,0,E2,F
PRO,200,B,120,PHE,17.185862,0,E2,F
LYS,201,B,120,PHE,17.15654,0,E2,F
LEU,202,B,120,PHE,13.3614,0,E2,F
ILE,203,B,120,PHE,15.80802,0,E2,F
SER,204,B,120,PHE,16.796179,0,E2,F
TYR,205,B,120,PHE,10.508323,0,E2,F
THR,206,B,120,PHE,15.447664,0,E2,F
LEU,207,B,120,PHE,15.507104,0,E2,F
GLY,211,B,119,GLU,14.403907,0,E2,E
GLN,212,B,119,GLU,10.814357,0,E2,E
SER,213,B,119,GLU,9.805742,0,E2,E
GLY,214,B,119,GLU,7.3060417,0,E2,E
THR,215,B,119,GLU,6.4925604,0,E2,E
CYS,216,B,120,PHE,5.139836,0,E2,F
ILE,217,B,120,PHE,6.3106127,0,E2,F
THR,218,B,120,PHE,6.147956,0,E2,F
ASP,219,B,120,PHE,8.087774,0,E2,F
PRO,220,B,120,PHE,8.248324,0,E2,F
LEU,221,B,120,PHE,12.607515,0,E2,F
LEU,222,B,120,PHE,14.643494,0,E2,F
ALA,223,B,120,PHE,17.886103,0,E2,F
MET,224,B,120,PHE,18.71332,0,E2,F
ASP,225,B,120,PHE,24.299091,0,E2,F
GLU,226,B,120,PHE,27.599964,0,E2,F
GLY,227,B,120,PHE,26.551691,0,E2,F
TYR,228,B,120,PHE,23.62077,0,E2,F
PHE,229,B,120,PHE,19.449083,0,E2,F
ALA,230,B,120,PHE,18.042458,0,E2,F
TYR,231,B,120,PHE,12.083335,0,E2,F
SER,232,B,120,PHE,12.936168,0,E2,F
HIS,233,B,120,PHE,11.754472,0,E2,F
LEU,234,B,120,PHE,10.200096,0,E2,F
GLU,235,B,119,GLU,11.055551,0,E2,E
ARG,236,B,128,GLU,7.1482058,0,E2,E
ILE,237,B,130,GLN,7.5135527,0,E2,Q
GLY,238,B,119,GLU,4.713783,0,E2,E
SER,239,B,128,GLU,2.6876507,3,E2,E
CYS,240,B,119,GLU,2.797165,2,E2,E
SER,241,B,128,GLU,2.9520094,2,E2,E
ARG,242,B,125,TRP,3.046496,4,E2,W
GLY,243,B,128,GLU,5.625229,0,E2,E
VAL,244,B,130,GLN,9.009382,0,E2,Q
SER,245,B,128,GLU,11.468867,0,E2,E
LYS,246,B,128,GLU,13.433547,0,E2,E
GLN,247,B,119,GLU,14.971131,0,E2,E
ARG,248,B,126,GLY,14.072083,0,E2,G
ILE,249,B,120,PHE,16.89226,0,E2,F
ILE,250,B,120,PHE,19.084808,0,E2,F
GLY,251,B,120,PHE,19.930096,0,E2,F
VAL,252,B,120,PHE,22.096622,0,E2,F
GLY,253,B,120,PHE,23.395044,0,E2,F
GLU,254,B,120,PHE,23.777834,0,E2,F
VAL,255,B,120,PHE,22.857517,0,E2,F
LEU,256,B,120,PHE,25.37972,0,E2,F
ASP,257,B,120,PHE,27.486715,0,E2,F
ARG,258,B,120,PHE,21.724306,0,E2,F
GLY,259,B,120,PHE,28.319286,0,E2,F
ASP,260,B,120,PHE,26.299461,0,E2,F
GLU,261,B,120,PHE,27.28589,0,E2,F
VAL,262,B,120,PHE,22.753984,0,E2,F
PRO,263,B,120,PHE,21.657593,0,E2,F
SER,264,B,120,PHE,21.490355,0,E2,F
LEU,265,B,120,PHE,17.86968,0,E2,F
PHE,266,B,120,PHE,22.403954,0,E2,F
MET,267,B,120,PHE,18.71033,0,E2,F
THR,268,B,120,PHE,24.53406,0,E2,F
ASN,269,B,120,PHE,23.556858,0,E2,F
VAL,270,B,120,PHE,21.26668,0,E2,F
TRP,271,B,120,PHE,21.390942,0,E2,F
THR,272,B,120,PHE,21.190989,0,E2,F
PRO,273,B,120,PHE,20.91083,0,E2,F
PRO,274,B,128,GLU,21.969687,0,E2,E
ASN,275,B,128,GLU,18.78477,0,E2,E
PRO,276,B,128,GLU,15.264164,0,E2,E
ASN,277,B,128,GLU,14.342317,0,E2,E
THR,278,B,126,GLY,16.65624,0,E2,G
VAL,279,B,124,LEU,14.554839,0,E2,L
TYR,280,B,124,LEU,11.186148,0,E2,L
HIS,281,B,124,LEU,8.945466,0,E2,L
CYS,282,B,124,LEU,14.994578,0,E2,L
SER,283,B,124,LEU,16.97702,0,E2,L
ALA,284,B,124,LEU,19.110777,0,E2,L
VAL,285,B,124,LEU,22.494797,0,E2,L
TYR,286,B,124,LEU,25.420444,0,E2,L
ASN,287,B,124,LEU,28.945177,0,E2,L
ASN,288,B,124,LEU,32.404896,0,E2,L
GLU,289,B,120,PHE,31.15824,0,E2,F
PHE,290,B,120,PHE,28.611256,0,E2,F
TYR,291,B,120,PHE,23.227219,0,E2,F
TYR,292,B,124,LEU,23.208794,0,E2,L
VAL,293,B,124,LEU,20.553757,0,E2,L
LEU,294,B,124,LEU,18.471157,0,E2,L
CYS,295,B,124,LEU,17.985695,0,E2,L
ALA,296,B,124,LEU,15.2372465,0,E2,L
VAL,297,B,124,LEU,17.516537,0,E2,L
SER,298,B,124,LEU,14.488177,0,E2,L
THR,299,B,125,TRP,16.009033,0,E2,W
VAL,300,B,125,TRP,11.629881,0,E2,W
GLY,301,B,125,TRP,11.073422,0,E2,W
ASP,302,B,124,LEU,6.6914754,0,E2,L
PRO,303,B,125,TRP,9.571884,0,E2,W
ILE,304,B,124,LEU,6.3827147,0,E2,L
LEU,305,B,125,TRP,3.6639712,1,E2,W
ASN,306,B,125,TRP,7.6479216,0,E2,W
SER,307,B,125,TRP,9.321652,0,E2,W
THR,308,B,97,GLU,11.319846,0,E2,E
TYR,309,B,97,GLU,11.303521,0,E2,E
TRP,310,B,125,TRP,13.908849,0,E2,W
SER,311,B,125,TRP,17.073048,0,E2,W
GLY,312,B,125,TRP,18.08953,0,E2,W
SER,313,B,124,LEU,18.940123,0,E2,L
LEU,314,B,124,LEU,18.774931,0,E2,L
MET,315,B,124,LEU,21.141167,0,E2,L
MET,316,B,124,LEU,24.194342,0,E2,L
THR,317,B,124,LEU,24.402346,0,E2,L
ARG,318,B,124,LEU,27.818275,0,E2,L
LEU,319,B,120,PHE,24.006798,0,E2,F
ALA,320,B,120,PHE,28.367327,0,E2,F
VAL,321,B,120,PHE,27.465858,0,E2,F
LYS,322,B,120,PHE,30.337755,0,E2,F
PRO,323,B,120,PHE,29.886063,0,E2,F
LYS,324,B,120,PHE,34.177174,0,E2,F
SER,325,B,120,PHE,36.57216,0,E2,F
ASN,326,B,120,PHE,37.213654,0,E2,F
GLY,327,B,120,PHE,36.226276,0,E2,F
GLY,328,B,120,PHE,33.842316,0,E2,F
GLY,329,B,120,PHE,34.16069,0,E2,F
TYR,330,B,120,PHE,32.87058,0,E2,F
ASN,331,B,120,PHE,29.73094,0,E2,F
GLN,332,B,120,PHE,27.041729,0,E2,F
HIS,333,B,124,LEU,29.31523,0,E2,L
GLN,334,B,124,LEU,25.81705,0,E2,L
LEU,335,B,124,LEU,26.020367,0,E2,L
ALA,336,B,124,LEU,26.506855,0,E2,L
LEU,337,B,124,LEU,24.217249,0,E2,L
ARG,338,B,124,LEU,27.870203,0,E2,L
SER,339,B,124,LEU,27.654306,0,E2,L
ILE,340,B,124,LEU,23.52002,0,E2,L
GLU,341,B,124,LEU,24.554218,0,E2,L
LYS,342,B,125,TRP,21.948774,0,E2,W
GLY,343,B,125,TRP,24.365664,0,E2,W
ARG,344,B,125,TRP,21.104065,0,E2,W
TYR,345,B,124,LEU,18.10327,0,E2,L
ASP,346,B,125,TRP,17.350445,0,E2,W
LYS,347,B,125,TRP,15.498434,0,E2,W
VAL,348,B,124,LEU,17.56592,0,E2,L
MET,349,B,124,LEU,11.757312,0,E2,L
PRO,350,B,124,LEU,13.862605,0,E2,L
TYR,351,B,124,LEU,6.520024,0,E2,L
GLY,352,B,124,LEU,12.607315,0,E2,L
PRO,353,B,124,LEU,13.162407,0,E2,L
SER,354,B,124,LEU,16.685326,0,E2,L
GLY,355,B,124,LEU,19.82043,0,E2,L
ILE,356,B,124,LEU,22.87258,0,E2,L
LYS,357,B,124,LEU,26.487118,0,E2,L
GLN,358,B,124,LEU,28.525282,0,E2,L
GLY,359,B,124,LEU,32.481754,0,E2,L
ASP,360,B,124,LEU,31.82125,0,E2,L
THR,361,B,124,LEU,28.488005,0,E2,L
LEU,362,B,124,LEU,25.394556,0,E2,L
TYR,363,B,124,LEU,21.854897,0,E2,L
PHE,364,B,124,LEU,18.798035,0,E2,L
PRO,365,B,124,LEU,15.708764,0,E2,L
ALA,366,B,124,LEU,14.2027025,0,E2,L
VAL,367,B,124,LEU,11.679282,0,E2,L
GLY,368,B,124,LEU,14.397474,0,E2,L
PHE,369,B,125,TRP,11.385612,0,E2,W
LEU,370,B,125,TRP,14.587788,0,E2,W
VAL,371,B,125,TRP,15.992427,0,E2,W
ARG,372,B,125,TRP,10.3817425,0,E2,W
THR,373,B,96,LYS,15.411016,0,E2,K
GLU,374,B,96,LYS,19.094536,0,E2,K
PHE,375,B,125,TRP,16.890833,0,E2,W
LYS,376,B,125,TRP,20.722738,0,E2,W
TYR,377,B,106,LYS,16.984562,0,E2,K
ASN,378,B,106,LYS,19.526144,0,E2,K
ASP,379,B,106,LYS,16.567944,0,E2,K
SER,380,B,106,LYS,18.20878,0,E2,K
ASN,381,B,106,LYS,17.084068,0,E2,K
CYS,382,B,106,LYS,12.6121025,0,E2,K
PRO,383,B,106,LYS,11.71056,0,E2,K
ILE,384,B,106,LYS,10.763379,0,E2,K
THR,385,B,106,LYS,12.908224,0,E2,K
LYS,386,B,109,GLN,9.049953,0,E2,Q
CYS,387,B,106,LYS,7.7897267,0,E2,K
GLN,388,B,108,ASP,3.4964037,1,E2,D
TYR,389,B,108,ASP,2.7189405,4,E2,D
SER,390,B,106,LYS,6.200351,0,E2,K
LYS,391,B,106,LYS,8.796191,0,E2,K
PRO,392,B,106,LYS,12.40167,0,E2,K
GLU,393,B,80,LYS,9.072132,0,E2,K
ASN,394,B,106,LYS,7.6741295,0,E2,K
CYS,395,B,103,ASN,12.544805,0,E2,N
ARG,396,B,125,TRP,13.413717,0,E2,W
LEU,397,B,80,LYS,9.603305,0,E2,K
SER,398,B,124,LEU,9.53624,0,E2,L
MET,399,B,125,TRP,10.779242,0,E2,W
GLY,400,B,125,TRP,7.2504005,0,E2,W
ILE,401,B,125,TRP,3.5151124,1,E2,W
ARG,402,B,97,GLU,2.5258443,2,E2,E
PRO,403,B,99,THR,6.188275,0,E2,T
ASN,404,B,96,LYS,5.276932,0,E2,K
SER,405,B,125,TRP,7.731843,0,E2,W
HIS,406,B,125,TRP,10.061587,0,E2,W
TYR,407,B,125,TRP,10.013108,0,E2,W
ILE,408,B,125,TRP,12.006723,0,E2,W
LEU,409,B,124,LEU,8.442954,0,E2,L
ARG,410,B,124,LEU,13.0397415,0,E2,L
SER,411,B,124,LEU,11.673504,0,E2,L
GLY,412,B,124,LEU,15.664363,0,E2,L
LEU,413,B,124,LEU,18.705896,0,E2,L
LEU,414,B,124,LEU,19.23185,0,E2,L
LYS,415,B,124,LEU,23.5932,0,E2,L
TYR,416,B,124,LEU,26.405973,0,E2,L
ASN,417,B,124,LEU,29.596075,0,E2,L
LEU,418,B,124,LEU,30.715275,0,E2,L
SER,419,B,124,LEU,34.677315,0,E2,L
ASP,420,B,124,LEU,32.901917,0,E2,L
GLY,421,B,124,LEU,34.684704,0,E2,L
GLU,422,B,124,LEU,33.281296,0,E2,L
ASN,423,B,124,LEU,32.66871,0,E2,L
PRO,424,B,124,LEU,29.991722,0,E2,L
LYS,425,B,124,LEU,28.350952,0,E2,L
VAL,426,B,124,LEU,23.772293,0,E2,L
VAL,427,B,124,LEU,23.623592,0,E2,L
PHE,428,B,124,LEU,17.507105,0,E2,L
ILE,429,B,124,LEU,19.93057,0,E2,L
GLU,430,B,124,LEU,19.599316,0,E2,L
ILE,431,B,124,LEU,16.24158,0,E2,L
SER,432,B,124,LEU,18.643974,0,E2,L
ASP,433,B,124,LEU,19.52957,0,E2,L
GLN,434,B,124,LEU,18.46846,0,E2,L
ARG,435,B,124,LEU,15.597932,0,E2,L
LEU,436,B,124,LEU,14.114576,0,E2,L
SER,437,B,124,LEU,9.873579,0,E2,L
ILE,438,B,124,LEU,6.793696,0,E2,L
GLY,439,B,124,LEU,7.5724163,0,E2,L
SER,440,B,124,LEU,7.0398912,0,E2,L
PRO,441,B,124,LEU,6.905383,0,E2,L
SER,442,B,124,LEU,11.4799,0,E2,L
LYS,443,B,124,LEU,14.816938,0,E2,L
ILE,444,B,124,LEU,18.228697,0,E2,L
TYR,445,B,124,LEU,19.67703,0,E2,L
ASP,446,B,124,LEU,24.365452,0,E2,L
SER,447,B,124,LEU,25.84605,0,E2,L
LEU,448,B,124,LEU,29.161829,0,E2,L
GLY,449,B,124,LEU,30.863022,0,E2,L
GLN,450,B,124,LEU,26.90773,0,E2,L
PRO,451,B,124,LEU,24.379997,0,E2,L
VAL,452,B,124,LEU,20.692749,0,E2,L
PHE,453,B,124,LEU,15.534662,0,E2,L
TYR,454,B,124,LEU,10.918103,0,E2,L
GLN,455,B,124,LEU,10.762794,0,E2,L
ALA,456,B,124,LEU,8.038506,0,E2,L
SER,457,B,124,LEU,6.5652785,0,E2,L
PHE,458,B,124,LEU,3.422646,1,E2,L
SER,459,B,124,LEU,6.3818703,0,E2,L
TRP,460,B,106,LYS,9.398041,0,E2,K
ASP,461,B,124,LEU,11.226517,0,E2,L
THR,462,B,122,PRO,9.463408,0,E2,P
MET,463,B,122,PRO,12.688394,0,E2,P
ILE,464,B,122,PRO,14.12984,0,E2,P
LYS,465,B,124,LEU,12.509142,0,E2,L
PHE,466,B,124,LEU,16.816391,0,E2,L
GLY,467,B,124,LEU,19.78771,0,E2,L
ASP,468,B,124,LEU,23.252157,0,E2,L
VAL,469,B,124,LEU,22.469398,0,E2,L
LEU,470,B,124,LEU,25.622965,0,E2,L
THR,471,B,124,LEU,24.884014,0,E2,L
VAL,472,B,124,LEU,24.267002,0,E2,L
ASN,473,B,124,LEU,26.461046,0,E2,L
PRO,474,B,124,LEU,24.916582,0,E2,L
LEU,475,B,124,LEU,19.261806,0,E2,L
VAL,476,B,124,LEU,22.870506,0,E2,L
VAL,477,B,124,LEU,19.683062,0,E2,L
ASN,478,B,124,LEU,22.607996,0,E2,L
TRP,479,B,124,LEU,15.989529,0,E2,L
ARG,480,B,124,LEU,20.281986,0,E2,L
ASN,481,B,122,PRO,21.687757,0,E2,P
ASN,482,B,122,PRO,17.82394,0,E2,P
THR,483,B,109,GLN,17.671227,0,E2,Q
VAL,484,B,122,PRO,15.616389,0,E2,P
ILE,485,B,122,PRO,13.497362,0,E2,P
SER,486,B,122,PRO,9.932201,0,E2,P
ARG,487,B,122,PRO,6.3172717,0,E2,P
PRO,488,B,122,PRO,3.4138532,1,E2,P
GLY,489,B,122,PRO,3.2295532,1,E2,P
GLN,490,B,123,ASN,2.9844105,2,E2,N
SER,491,B,112,LYS,2.8887596,5,E2,K
GLN,492,B,103,ASN,3.16626,1,E2,N
CYS,493,B,122,PRO,6.7657347,0,E2,P
PRO,494,B,112,LYS,6.2697687,0,E2,K
ARG,495,B,122,PRO,7.708271,0,E2,P
PHE,496,B,109,GLN,10.4439335,0,E2,Q
ASN,497,B,106,LYS,5.9612074,0,E2,K
THR,498,B,106,LYS,9.19844,0,E2,K
CYS,499,B,106,LYS,6.325991,0,E2,K
PRO,500,B,106,LYS,6.565605,0,E2,K
GLU,501,B,106,LYS,2.767461,1,E2,K
ILE,502,B,99,THR,6.129065,0,E2,T
CYS,503,B,99,THR,6.252841,0,E2,T
TRP,504,B,124,LEU,3.3881986,2,E2,L
GLU,505,B,122,PRO,3.529488,2,E2,P
GLY,506,B,122,PRO,2.9419446,2,E2,P
VAL,507,B,122,PRO,3.912158,1,E2,P
TYR,508,B,124,LEU,6.721699,0,E2,L
ASN,509,B,122,PRO,8.424685,0,E2,P
ASP,510,B,124,LEU,13.07041,0,E2,L
ALA,511,B,124,LEU,16.347326,0,E2,L
PHE,512,B,124,LEU,19.809917,0,E2,L
LEU,513,B,124,LEU,22.68062,0,E2,L
ILE,514,B,120,PHE,24.141415,0,E2,F
ASP,515,B,122,PRO,28.114775,0,E2,P
ARG,516,B,124,LEU,27.269129,0,E2,L
ILE,517,B,122,PRO,31.845318,0,E2,P
ASN,518,B,122,PRO,28.64934,0,E2,P
TRP,519,B,124,LEU,23.07683,0,E2,L
ILE,520,B,122,PRO,24.745491,0,E2,P
SER,521,B,122,PRO,21.614208,0,E2,P
ALA,522,B,120,PHE,18.957895,0,E2,F
GLY,523,B,120,PHE,15.595131,0,E2,F
VAL,524,B,120,PHE,11.303794,0,E2,F
PHE,525,B,122,PRO,11.033356,0,E2,P
LEU,526,B,122,PRO,6.592241,0,E2,P
ASP,527,B,57,LYS,7.2711735,0,E2,K
SER,528,B,57,LYS,5.0289435,0,E2,K
ASN,529,B,122,PRO,5.854103,0,E2,P
GLN,530,B,114,THR,2.9800127,4,E2,T
THR,531,B,114,THR,3.703364,2,E2,T
ALA,532,B,118,GLN,2.9944224,3,E2,Q
GLU,533,B,57,LYS,2.7405076,2,E2,K
ASN,534,B,116,LYS,7.085412,0,E2,K
PRO,535,B,120,PHE,8.592473,0,E2,F
VAL,536,B,120,PHE,12.241379,0,E2,F
PHE,537,B,120,PHE,14.937618,0,E2,F
THR,538,B,122,PRO,16.459755,0,E2,P
VAL,539,B,122,PRO,20.688671,0,E2,P
PHE,540,B,122,PRO,18.42373,0,E2,P
LYS,541,B,122,PRO,21.707579,0,E2,P
ASP,542,B,122,PRO,21.247017,0,E2,P
ASN,543,B,109,GLN,22.511902,0,E2,Q
GLU,544,B,122,PRO,22.38569,0,E2,P
ILE,545,B,122,PRO,17.775587,0,E2,P
LEU,546,B,122,PRO,23.140408,0,E2,P
TYR,547,B,57,LYS,21.357718,0,E2,K
ARG,548,B,57,LYS,16.31523,0,E2,K
ALA,549,B,120,PHE,15.971273,0,E2,F
GLN,550,B,57,LYS,11.012634,0,E2,K
LEU,551,B,120,PHE,11.999364,0,E2,F
ALA,552,B,116,LYS,10.262786,0,E2,K
SER,553,B,116,LYS,7.74817,0,E2,K
GLU,554,B,116,LYS,5.951772,0,E2,K
ASP,555,B,116,LYS,2.7456923,1,E2,K
THR,556,B,116,LYS,4.8056207,0,E2,K
ASN,557,B,116,LYS,2.6968975,3,E2,K
ALA,558,B,120,PHE,3.7341888,1,E2,F
GLN,559,B,121,SER,3.0060592,2,E2,S
LYS,560,B,120,PHE,6.287325,0,E2,F
THR,561,B,120,PHE,8.971652,0,E2,F
ILE,562,B,120,PHE,11.932625,0,E2,F
THR,563,B,120,PHE,15.094781,0,E2,F
ASN,564,B,120,PHE,18.123838,0,E2,F
CYS,565,B,120,PHE,21.35102,0,E2,F
PHE,566,B,120,PHE,22.151323,0,E2,F
LEU,567,B,120,PHE,27.633448,0,E2,F
LEU,568,B,120,PHE,27.215612,0,E2,F
LYS,569,B,120,PHE,31.036015,0,E2,F
ASN,570,B,120,PHE,32.09698,0,E2,F
LYS,571,B,120,PHE,28.272305,0,E2,F
ILE,572,B,120,PHE,25.665207,0,E2,F
TRP,573,B,120,PHE,22.715714,0,E2,F
CYS,574,B,120,PHE,19.153608,0,E2,F
ILE,575,B,120,PHE,16.434996,0,E2,F
SER,576,B,120,PHE,12.686266,0,E2,F
LEU,577,B,120,PHE,9.317993,0,E2,F
VAL,578,B,120,PHE,6.7054687,0,E2,F
GLU,579,B,120,PHE,3.8558471,1,E2,F
ILE,580,B,120,PHE,3.6601076,1,E2,F
TYR,581,B,119,GLU,2.925798,3,E2,E
ASP,582,B,116,LYS,7.0007086,0,E2,K
THR,583,B,55,GLY,3.8325188,2,E2,G
GLY,584,B,54,ILE,5.810839,0,E2,I
ASP,585,B,119,GLU,6.9110923,0,E2,E
ASN,586,B,131,LYS,7.485002,0,E2,K
VAL,587,B,119,GLU,7.7151566,0,E2,E
ILE,588,B,120,PHE,3.624668,2,E2,F
ARG,589,B,120,PHE,6.340298,0,E2,F
PRO,590,B,120,PHE,6.8285346,0,E2,F
LYS,591,B,120,PHE,8.597906,0,E2,F
LEU,592,B,120,PHE,12.01531,0,E2,F
PHE,593,B,120,PHE,10.816763,0,E2,F
ALA,594,B,120,PHE,17.152597,0,E2,F
VAL,595,B,120,PHE,17.838812,0,E2,F
LYS,596,B,120,PHE,22.517153,0,E2,F
ILE,597,B,120,PHE,22.984339,0,E2,F
PRO,598,B,120,PHE,25.739466,0,E2,F
GLU,599,B,120,PHE,30.234262,0,E2,F
GLN,600,B,120,PHE,30.670734,0,E2,F
CYS,601,B,57,LYS,29.834501,0,E2,K
THR,602,B,57,LYS,30.980179,0,E2,K
HIS,603,B,57,LYS,26.14227,0,E2,K
