wildtype,site,chain,residue,residue_name,distance,residues_within_4,custom_source,E3_PDB_residue
GLU,176,B,120,TYR,30.734253,0,E3,Y
GLY,177,B,120,TYR,30.080002,0,E3,Y
VAL,178,B,120,TYR,25.95935,0,E3,Y
SER,179,B,120,TYR,28.106617,0,E3,Y
ASN,180,B,120,TYR,27.192541,0,E3,Y
LEU,181,B,120,TYR,26.949718,0,E3,Y
VAL,182,B,120,TYR,31.09787,0,E3,Y
GLY,183,B,120,TYR,34.453312,0,E3,Y
LEU,184,B,120,TYR,35.434357,0,E3,Y
PRO,185,B,120,TYR,31.850254,0,E3,Y
ASN,186,B,120,TYR,32.32367,0,E3,Y
ASN,187,B,120,TYR,31.965582,0,E3,Y
ILE,188,B,120,TYR,28.440151,0,E3,Y
CYS,189,B,120,TYR,29.194992,0,E3,Y
LEU,190,B,122,PRO,30.699453,0,E3,P
GLN,191,B,57,ARG,27.895365,0,E3,R
LYS,192,B,57,ARG,22.389566,0,E3,R
THR,193,B,57,ARG,23.340105,0,E3,R
SER,194,B,57,ARG,22.14114,0,E3,R
ASN,195,B,57,ARG,23.603989,0,E3,R
GLN,196,B,57,ARG,18.474054,0,E3,R
ILE,197,B,57,ARG,24.425095,0,E3,R
LEU,198,B,120,TYR,21.394575,0,E3,Y
LYS,199,B,120,TYR,20.676954,0,E3,Y
PRO,200,B,120,TYR,17.03193,0,E3,Y
LYS,201,B,120,TYR,16.604197,0,E3,Y
LEU,202,B,120,TYR,12.877162,0,E3,Y
ILE,203,B,120,TYR,15.809977,0,E3,Y
SER,204,B,120,TYR,12.05926,0,E3,Y
TYR,205,B,120,TYR,15.39538,0,E3,Y
THR,206,B,120,TYR,17.795267,0,E3,Y
LEU,207,B,120,TYR,14.100697,0,E3,Y
PRO,208,B,120,TYR,15.194668,0,E3,Y
VAL,209,B,120,TYR,11.6457,0,E3,Y
VAL,210,B,120,TYR,12.309332,0,E3,Y
GLY,211,B,120,TYR,13.479929,0,E3,Y
GLN,212,B,119,GLU,11.755039,0,E3,E
SER,213,B,119,GLU,10.527167,0,E3,E
GLY,214,B,119,GLU,7.6788387,0,E3,E
THR,215,B,119,GLU,8.008831,0,E3,E
CYS,216,B,119,GLU,4.8450117,0,E3,E
ILE,217,B,120,TYR,5.1379433,0,E3,Y
THR,218,B,120,TYR,4.9954934,0,E3,Y
ASP,219,B,120,TYR,8.10732,0,E3,Y
PRO,220,B,120,TYR,7.406848,0,E3,Y
LEU,221,B,120,TYR,11.849283,0,E3,Y
LEU,222,B,120,TYR,13.976855,0,E3,Y
ALA,223,B,120,TYR,17.178967,0,E3,Y
MET,224,B,120,TYR,19.198477,0,E3,Y
ASP,225,B,120,TYR,23.520693,0,E3,Y
GLU,226,B,120,TYR,26.820063,0,E3,Y
GLY,227,B,120,TYR,25.676842,0,E3,Y
TYR,228,B,120,TYR,22.56296,0,E3,Y
PHE,229,B,120,TYR,18.484934,0,E3,Y
ALA,230,B,120,TYR,16.990662,0,E3,Y
TYR,231,B,120,TYR,10.787666,0,E3,Y
SER,232,B,120,TYR,11.8717,0,E3,Y
HIS,233,B,120,TYR,10.526525,0,E3,Y
LEU,234,B,120,TYR,9.649198,0,E3,Y
GLU,235,B,120,TYR,11.335403,0,E3,Y
ARG,236,B,119,GLU,8.097383,0,E3,E
ILE,237,B,119,GLU,8.220044,0,E3,E
GLY,238,B,119,GLU,4.2529874,0,E3,E
SER,239,B,119,GLU,3.1652296,2,E3,E
CYS,240,B,119,GLU,3.334219,2,E3,E
SER,241,B,127,HIS,3.694172,2,E3,H
ARG,242,B,128,GLU,2.8299413,3,E3,E
GLY,243,B,128,GLU,5.714023,0,E3,E
VAL,244,B,128,GLU,7.8278623,0,E3,E
SER,245,B,128,GLU,10.90891,0,E3,E
LYS,246,B,128,GLU,13.640408,0,E3,E
GLN,247,B,120,TYR,14.356561,0,E3,Y
ARG,248,B,120,TYR,13.794718,0,E3,Y
ILE,249,B,120,TYR,15.500417,0,E3,Y
ILE,250,B,120,TYR,17.737585,0,E3,Y
GLY,251,B,120,TYR,18.602907,0,E3,Y
VAL,252,B,120,TYR,20.856262,0,E3,Y
GLY,253,B,120,TYR,22.352476,0,E3,Y
GLU,254,B,120,TYR,22.879156,0,E3,Y
VAL,255,B,120,TYR,21.984434,0,E3,Y
LEU,256,B,120,TYR,24.532282,0,E3,Y
ASP,257,B,120,TYR,27.01382,0,E3,Y
ARG,258,B,120,TYR,21.422691,0,E3,Y
GLY,259,B,120,TYR,28.31237,0,E3,Y
ASP,260,B,120,TYR,25.532978,0,E3,Y
GLU,261,B,120,TYR,27.226501,0,E3,Y
VAL,262,B,120,TYR,22.645037,0,E3,Y
PRO,263,B,120,TYR,21.03612,0,E3,Y
SER,264,B,120,TYR,20.556055,0,E3,Y
LEU,265,B,120,TYR,17.336794,0,E3,Y
PHE,266,B,120,TYR,21.226099,0,E3,Y
MET,267,B,120,TYR,17.5508,0,E3,Y
THR,268,B,120,TYR,23.487228,0,E3,Y
ASN,269,B,120,TYR,22.228018,0,E3,Y
VAL,270,B,120,TYR,19.972965,0,E3,Y
TRP,271,B,120,TYR,20.402994,0,E3,Y
THR,272,B,120,TYR,20.516165,0,E3,Y
PRO,273,B,120,TYR,20.19434,0,E3,Y
PRO,274,B,128,GLU,21.74274,0,E3,E
ASN,275,B,128,GLU,18.374853,0,E3,E
PRO,276,B,126,GLY,15.513764,0,E3,G
ASN,277,B,128,GLU,14.01663,0,E3,E
THR,278,B,125,TRP,16.81039,0,E3,W
VAL,279,B,124,LEU,14.830854,0,E3,L
TYR,280,B,125,TRP,11.216053,0,E3,W
HIS,281,B,124,LEU,8.964958,0,E3,L
CYS,282,B,124,LEU,15.215067,0,E3,L
SER,283,B,124,LEU,17.367765,0,E3,L
ALA,284,B,124,LEU,19.4256,0,E3,L
VAL,285,B,124,LEU,22.667164,0,E3,L
TYR,286,B,120,TYR,25.525059,0,E3,Y
ASN,287,B,120,TYR,28.736172,0,E3,Y
ASN,288,B,120,TYR,31.379148,0,E3,Y
GLU,289,B,120,TYR,30.20111,0,E3,Y
PHE,290,B,120,TYR,27.798079,0,E3,Y
TYR,291,B,120,TYR,22.244598,0,E3,Y
TYR,292,B,124,LEU,23.482092,0,E3,L
VAL,293,B,120,TYR,20.679674,0,E3,Y
LEU,294,B,124,LEU,18.802408,0,E3,L
CYS,295,B,124,LEU,18.207535,0,E3,L
ALA,296,B,124,LEU,15.465974,0,E3,L
VAL,297,B,124,LEU,17.811245,0,E3,L
SER,298,B,125,TRP,14.034987,0,E3,W
THR,299,B,125,TRP,15.613588,0,E3,W
VAL,300,B,125,TRP,11.4191265,0,E3,W
GLY,301,B,125,TRP,10.429311,0,E3,W
ASP,302,B,124,LEU,6.4515395,0,E3,L
PRO,303,B,125,TRP,9.431466,0,E3,W
ILE,304,B,125,TRP,6.3214145,0,E3,W
LEU,305,B,125,TRP,3.7376719,1,E3,W
ASN,306,B,125,TRP,7.580155,0,E3,W
SER,307,B,125,TRP,8.644089,0,E3,W
THR,308,B,125,TRP,11.435922,0,E3,W
TYR,309,B,125,TRP,12.792122,0,E3,W
TRP,310,B,125,TRP,13.9183655,0,E3,W
SER,311,B,125,TRP,17.103167,0,E3,W
GLY,312,B,125,TRP,17.891434,0,E3,W
SER,313,B,124,LEU,19.285276,0,E3,L
LEU,314,B,124,LEU,18.826576,0,E3,L
MET,315,B,124,LEU,21.426033,0,E3,L
MET,316,B,124,LEU,24.074158,0,E3,L
THR,317,B,124,LEU,24.628298,0,E3,L
ARG,318,B,120,TYR,27.348085,0,E3,Y
LEU,319,B,120,TYR,22.972303,0,E3,Y
ALA,320,B,120,TYR,27.32789,0,E3,Y
VAL,321,B,120,TYR,26.38091,0,E3,Y
LYS,322,B,120,TYR,29.133753,0,E3,Y
PRO,323,B,120,TYR,28.42464,0,E3,Y
LYS,324,B,120,TYR,33.02353,0,E3,Y
SER,325,B,120,TYR,35.48981,0,E3,Y
ASN,326,B,120,TYR,36.05362,0,E3,Y
GLY,327,B,120,TYR,34.54529,0,E3,Y
GLY,328,B,120,TYR,33.01191,0,E3,Y
GLY,329,B,120,TYR,33.389935,0,E3,Y
TYR,330,B,120,TYR,31.640715,0,E3,Y
ASN,331,B,120,TYR,28.672852,0,E3,Y
GLN,332,B,120,TYR,25.940008,0,E3,Y
HIS,333,B,120,TYR,28.805958,0,E3,Y
GLN,334,B,120,TYR,25.924557,0,E3,Y
LEU,335,B,124,LEU,27.035381,0,E3,L
ALA,336,B,124,LEU,25.829235,0,E3,L
LEU,337,B,124,LEU,25.084326,0,E3,L
ARG,338,B,125,TRP,27.898226,0,E3,W
SER,339,B,124,LEU,27.990084,0,E3,L
ILE,340,B,124,LEU,23.55485,0,E3,L
GLU,341,B,124,LEU,24.403233,0,E3,L
LYS,342,B,125,TRP,21.82606,0,E3,W
GLY,343,B,125,TRP,24.165848,0,E3,W
ARG,344,B,125,TRP,21.157473,0,E3,W
TYR,345,B,124,LEU,17.774288,0,E3,L
ASP,346,B,125,TRP,17.776495,0,E3,W
LYS,347,B,125,TRP,14.938757,0,E3,W
VAL,348,B,124,LEU,17.627945,0,E3,L
MET,349,B,124,LEU,11.5257635,0,E3,L
PRO,350,B,124,LEU,13.745963,0,E3,L
TYR,351,B,124,LEU,6.504467,0,E3,L
GLY,352,B,124,LEU,12.760222,0,E3,L
PRO,353,B,124,LEU,13.715472,0,E3,L
SER,354,B,124,LEU,16.892004,0,E3,L
GLY,355,B,124,LEU,20.11414,0,E3,L
ILE,356,B,124,LEU,23.115002,0,E3,L
LYS,357,B,124,LEU,26.747889,0,E3,L
GLN,358,B,124,LEU,29.31917,0,E3,L
GLY,359,B,124,LEU,32.56993,0,E3,L
ASP,360,B,124,LEU,31.641047,0,E3,L
THR,361,B,124,LEU,28.506577,0,E3,L
LEU,362,B,124,LEU,25.325315,0,E3,L
TYR,363,B,124,LEU,21.726849,0,E3,L
PHE,364,B,124,LEU,18.859129,0,E3,L
PRO,365,B,124,LEU,15.67362,0,E3,L
ALA,366,B,124,LEU,14.546086,0,E3,L
VAL,367,B,124,LEU,11.717943,0,E3,L
GLY,368,B,124,LEU,14.418657,0,E3,L
PHE,369,B,125,TRP,11.208406,0,E3,W
LEU,370,B,125,TRP,14.13205,0,E3,W
VAL,371,B,125,TRP,15.642567,0,E3,W
ARG,372,B,125,TRP,9.564596,0,E3,W
THR,373,B,125,TRP,16.461124,0,E3,W
GLU,374,B,125,TRP,18.718256,0,E3,W
PHE,375,B,125,TRP,16.745134,0,E3,W
LYS,376,B,125,TRP,20.16187,0,E3,W
TYR,377,B,106,ARG,16.9328,0,E3,R
ASN,378,B,106,ARG,19.41878,0,E3,R
ASP,379,B,106,ARG,16.225307,0,E3,R
SER,380,B,106,ARG,18.23544,0,E3,R
ASN,381,B,106,ARG,17.106955,0,E3,R
CYS,382,B,106,ARG,12.235616,0,E3,R
PRO,383,B,106,ARG,11.793711,0,E3,R
ILE,384,B,106,ARG,10.477335,0,E3,R
THR,385,B,106,ARG,12.861059,0,E3,R
LYS,386,B,109,LEU,9.615312,0,E3,L
CYS,387,B,106,ARG,7.5492997,0,E3,R
GLN,388,B,108,ASP,3.294791,1,E3,D
TYR,389,B,108,ASP,3.1838586,4,E3,D
SER,390,B,106,ARG,5.741628,0,E3,R
LYS,391,B,105,ASP,7.1336946,0,E3,D
PRO,392,B,106,ARG,11.712224,0,E3,R
GLU,393,B,105,ASP,9.584941,0,E3,D
ASN,394,B,106,ARG,7.0012183,0,E3,R
CYS,395,B,106,ARG,12.05831,0,E3,R
ARG,396,B,125,TRP,13.305574,0,E3,W
LEU,397,B,125,TRP,9.741263,0,E3,W
SER,398,B,124,LEU,9.418465,0,E3,L
MET,399,B,125,TRP,10.445367,0,E3,W
GLY,400,B,125,TRP,6.945898,0,E3,W
ILE,401,B,125,TRP,3.4148576,1,E3,W
ARG,402,B,125,TRP,3.5733962,1,E3,W
PRO,403,B,125,TRP,7.2826724,0,E3,W
ASN,404,B,97,ALA,7.553879,0,E3,A
SER,405,B,125,TRP,7.189211,0,E3,W
HIS,406,B,125,TRP,9.59482,0,E3,W
TYR,407,B,125,TRP,9.868138,0,E3,W
ILE,408,B,125,TRP,11.630726,0,E3,W
LEU,409,B,124,LEU,8.2907095,0,E3,L
ARG,410,B,124,LEU,13.329596,0,E3,L
SER,411,B,124,LEU,11.970302,0,E3,L
GLY,412,B,124,LEU,15.709617,0,E3,L
LEU,413,B,124,LEU,18.767015,0,E3,L
LEU,414,B,124,LEU,19.362602,0,E3,L
LYS,415,B,124,LEU,23.588192,0,E3,L
TYR,416,B,124,LEU,26.374527,0,E3,L
ASN,417,B,124,LEU,29.55559,0,E3,L
LEU,418,B,124,LEU,31.250717,0,E3,L
SER,419,B,124,LEU,34.719902,0,E3,L
ASP,420,B,124,LEU,33.53497,0,E3,L
GLY,421,B,124,LEU,35.960377,0,E3,L
GLU,422,B,124,LEU,34.418453,0,E3,L
ASN,423,B,124,LEU,33.103184,0,E3,L
PRO,424,B,124,LEU,30.089277,0,E3,L
LYS,425,B,124,LEU,28.287302,0,E3,L
VAL,426,B,124,LEU,24.258337,0,E3,L
VAL,427,B,124,LEU,23.575508,0,E3,L
PHE,428,B,124,LEU,17.660536,0,E3,L
ILE,429,B,124,LEU,19.768503,0,E3,L
GLU,430,B,124,LEU,19.612427,0,E3,L
ILE,431,B,124,LEU,16.598473,0,E3,L
SER,432,B,124,LEU,18.882837,0,E3,L
ASP,433,B,124,LEU,19.71348,0,E3,L
GLN,434,B,124,LEU,18.544075,0,E3,L
ARG,435,B,124,LEU,15.898873,0,E3,L
LEU,436,B,124,LEU,14.286075,0,E3,L
SER,437,B,124,LEU,11.074226,0,E3,L
ILE,438,B,124,LEU,7.0731754,0,E3,L
GLY,439,B,124,LEU,7.6236086,0,E3,L
SER,440,B,124,LEU,7.127271,0,E3,L
PRO,441,B,124,LEU,6.9940796,0,E3,L
SER,442,B,124,LEU,11.507157,0,E3,L
LYS,443,B,124,LEU,14.824749,0,E3,L
ILE,444,B,124,LEU,18.237083,0,E3,L
TYR,445,B,124,LEU,19.82977,0,E3,L
ASP,446,B,124,LEU,24.630089,0,E3,L
SER,447,B,124,LEU,25.909344,0,E3,L
LEU,448,B,124,LEU,29.243685,0,E3,L
GLY,449,B,124,LEU,30.872416,0,E3,L
GLN,450,B,124,LEU,26.869999,0,E3,L
PRO,451,B,124,LEU,24.508783,0,E3,L
VAL,452,B,124,LEU,20.66313,0,E3,L
PHE,453,B,124,LEU,15.601549,0,E3,L
TYR,454,B,124,LEU,11.205883,0,E3,L
GLN,455,B,124,LEU,10.955129,0,E3,L
ALA,456,B,124,LEU,8.183722,0,E3,L
SER,457,B,124,LEU,6.7911167,0,E3,L
PHE,458,B,124,LEU,3.397686,1,E3,L
SER,459,B,124,LEU,6.5947204,0,E3,L
TRP,460,B,106,ARG,9.52999,0,E3,R
ASP,461,B,124,LEU,11.349684,0,E3,L
THR,462,B,122,PRO,9.858375,0,E3,P
MET,463,B,122,PRO,12.74633,0,E3,P
ILE,464,B,122,PRO,14.167137,0,E3,P
LYS,465,B,124,LEU,13.121332,0,E3,L
PHE,466,B,124,LEU,16.925243,0,E3,L
GLY,467,B,124,LEU,19.972105,0,E3,L
ASP,468,B,124,LEU,23.407732,0,E3,L
VAL,469,B,124,LEU,22.623837,0,E3,L
LEU,470,B,124,LEU,25.720404,0,E3,L
THR,471,B,124,LEU,25.019514,0,E3,L
VAL,472,B,124,LEU,24.736452,0,E3,L
ASN,473,B,124,LEU,26.831614,0,E3,L
PRO,474,B,124,LEU,25.255804,0,E3,L
LEU,475,B,124,LEU,19.621786,0,E3,L
VAL,476,B,124,LEU,22.993979,0,E3,L
VAL,477,B,124,LEU,19.995518,0,E3,L
ASN,478,B,124,LEU,22.762907,0,E3,L
TRP,479,B,124,LEU,16.201727,0,E3,L
ARG,480,B,124,LEU,20.565609,0,E3,L
ASN,481,B,122,PRO,21.893192,0,E3,P
ASN,482,B,122,PRO,17.924215,0,E3,P
THR,483,B,122,PRO,18.506136,0,E3,P
VAL,484,B,122,PRO,15.785369,0,E3,P
ILE,485,B,122,PRO,13.73548,0,E3,P
SER,486,B,122,PRO,10.099785,0,E3,P
ARG,487,B,122,PRO,5.92751,0,E3,P
PRO,488,B,122,PRO,3.0731375,1,E3,P
GLY,489,B,122,PRO,3.1510642,1,E3,P
GLN,490,B,123,ASN,3.3505855,3,E3,N
SER,491,B,101,LEU,2.4610226,4,E3,L
GLN,492,B,106,ARG,3.2600493,1,E3,R
CYS,493,B,122,PRO,6.956208,0,E3,P
PRO,494,B,112,ARG,6.050863,0,E3,R
ARG,495,B,122,PRO,7.709858,0,E3,P
PHE,496,B,122,PRO,10.689649,0,E3,P
ASN,497,B,106,ARG,6.812699,0,E3,R
THR,498,B,106,ARG,10.105096,0,E3,R
CYS,499,B,106,ARG,6.885244,0,E3,R
PRO,500,B,106,ARG,6.8265142,0,E3,R
GLU,501,B,106,ARG,3.4735348,1,E3,R
ILE,502,B,106,ARG,6.9305544,0,E3,R
CYS,503,B,124,LEU,7.2677712,0,E3,L
TRP,504,B,125,TRP,3.3278677,2,E3,W
GLU,505,B,122,PRO,3.4954004,2,E3,P
GLY,506,B,122,PRO,2.9632752,2,E3,P
VAL,507,B,122,PRO,3.926794,1,E3,P
TYR,508,B,124,LEU,6.847698,0,E3,L
ASN,509,B,122,PRO,8.799596,0,E3,P
ASP,510,B,124,LEU,12.985977,0,E3,L
ALA,511,B,124,LEU,16.37662,0,E3,L
PHE,512,B,124,LEU,19.960524,0,E3,L
LEU,513,B,124,LEU,22.890432,0,E3,L
ILE,514,B,120,TYR,24.000694,0,E3,Y
ASP,515,B,120,TYR,28.140484,0,E3,Y
ARG,516,B,124,LEU,27.320145,0,E3,L
ILE,517,B,122,PRO,31.990551,0,E3,P
ASN,518,B,122,PRO,28.573011,0,E3,P
TRP,519,B,124,LEU,23.180634,0,E3,L
ILE,520,B,122,PRO,24.884933,0,E3,P
SER,521,B,122,PRO,21.809404,0,E3,P
ALA,522,B,120,TYR,18.814112,0,E3,Y
GLY,523,B,120,TYR,15.402788,0,E3,Y
VAL,524,B,120,TYR,10.956355,0,E3,Y
PHE,525,B,122,PRO,11.1249275,0,E3,P
LEU,526,B,122,PRO,6.843027,0,E3,P
ASP,527,B,57,ARG,7.86103,0,E3,R
SER,528,B,57,ARG,6.4191875,0,E3,R
ASN,529,B,122,PRO,5.525749,0,E3,P
GLN,530,B,114,THR,2.876379,4,E3,T
THR,531,B,116,LYS,3.4026625,1,E3,K
ALA,532,B,118,GLN,3.0492446,3,E3,Q
GLU,533,B,116,LYS,2.6067522,2,E3,K
ASN,534,B,57,ARG,7.225891,0,E3,R
PRO,535,B,120,TYR,7.9970865,0,E3,Y
VAL,536,B,120,TYR,12.018624,0,E3,Y
PHE,537,B,120,TYR,14.577675,0,E3,Y
THR,538,B,122,PRO,16.35472,0,E3,P
VAL,539,B,120,TYR,20.560947,0,E3,Y
PHE,540,B,122,PRO,18.54317,0,E3,P
LYS,541,B,122,PRO,22.090868,0,E3,P
ASP,542,B,122,PRO,21.55105,0,E3,P
ASN,543,B,122,PRO,23.351456,0,E3,P
GLU,544,B,122,PRO,22.454777,0,E3,P
ILE,545,B,122,PRO,17.95874,0,E3,P
LEU,546,B,122,PRO,23.403496,0,E3,P
TYR,547,B,57,ARG,21.289204,0,E3,R
ARG,548,B,57,ARG,16.641508,0,E3,R
ALA,549,B,120,TYR,15.792831,0,E3,Y
GLN,550,B,57,ARG,10.696063,0,E3,R
LEU,551,B,120,TYR,11.897444,0,E3,Y
ALA,552,B,116,LYS,10.772806,0,E3,K
SER,553,B,57,ARG,7.6465297,0,E3,R
GLU,554,B,57,ARG,4.7087307,0,E3,R
ASP,555,B,116,LYS,3.1642742,2,E3,K
THR,556,B,116,LYS,4.96544,0,E3,K
ASN,557,B,118,GLN,2.8698447,3,E3,Q
ALA,558,B,120,TYR,3.5102704,1,E3,Y
GLN,559,B,120,TYR,2.965847,2,E3,Y
LYS,560,B,120,TYR,6.201715,0,E3,Y
THR,561,B,120,TYR,8.887801,0,E3,Y
ILE,562,B,120,TYR,11.781473,0,E3,Y
THR,563,B,120,TYR,14.960951,0,E3,Y
ASN,564,B,120,TYR,17.114164,0,E3,Y
CYS,565,B,120,TYR,21.219742,0,E3,Y
PHE,566,B,120,TYR,21.687954,0,E3,Y
LEU,567,B,120,TYR,27.112556,0,E3,Y
LEU,568,B,120,TYR,26.786003,0,E3,Y
LYS,569,B,120,TYR,31.195366,0,E3,Y
ASN,570,B,120,TYR,32.05581,0,E3,Y
LYS,571,B,120,TYR,28.055,0,E3,Y
ILE,572,B,120,TYR,25.544603,0,E3,Y
TRP,573,B,120,TYR,22.385147,0,E3,Y
CYS,574,B,120,TYR,18.861973,0,E3,Y
ILE,575,B,120,TYR,15.924056,0,E3,Y
SER,576,B,120,TYR,12.262639,0,E3,Y
LEU,577,B,120,TYR,8.540041,0,E3,Y
VAL,578,B,120,TYR,6.280086,0,E3,Y
GLU,579,B,120,TYR,3.8454916,1,E3,Y
ILE,580,B,120,TYR,3.5047898,1,E3,Y
TYR,581,B,119,GLU,2.780895,3,E3,E
ASP,582,B,116,LYS,6.9423876,0,E3,K
THR,583,B,55,GLY,3.952801,1,E3,G
GLY,584,B,54,ILE,5.7880597,0,E3,I
ASP,585,B,119,GLU,7.74099,0,E3,E
ASN,586,B,119,GLU,8.366095,0,E3,E
VAL,587,B,120,TYR,7.75946,0,E3,Y
ILE,588,B,120,TYR,3.2107716,2,E3,Y
ARG,589,B,120,TYR,5.013289,0,E3,Y
PRO,590,B,120,TYR,5.416674,0,E3,Y
LYS,591,B,120,TYR,7.5040812,0,E3,Y
LEU,592,B,120,TYR,11.0916195,0,E3,Y
PHE,593,B,120,TYR,10.476367,0,E3,Y
ALA,594,B,120,TYR,16.818344,0,E3,Y
VAL,595,B,120,TYR,17.856697,0,E3,Y
LYS,596,B,120,TYR,22.415356,0,E3,Y
ILE,597,B,120,TYR,22.802183,0,E3,Y
PRO,598,B,120,TYR,25.542871,0,E3,Y
GLU,599,B,120,TYR,30.173452,0,E3,Y
GLN,600,B,120,TYR,30.353071,0,E3,Y
CYS,601,B,57,ARG,29.612911,0,E3,R
THR,602,B,57,ARG,29.010445,0,E3,R
ALA,603,B,57,ARG,28.31822,0,E3,R
