wildtype,site,chain,residue,residue_name,distance,residues_within_4,custom_source,dimerization_PDB_residue
ILE,131,B,134,SER,11.075822,0,dimerization,S
SER,132,B,134,SER,12.975936,0,dimerization,S
GLN,133,B,138,ILE,13.946091,0,dimerization,I
SER,134,B,138,ILE,10.3953905,0,dimerization,I
THR,135,B,138,ILE,9.897929,0,dimerization,I
ALA,136,B,138,ILE,11.898337,0,dimerization,I
SER,137,B,138,ILE,11.519019,0,dimerization,I
ILE,138,B,138,ILE,7.7958193,0,dimerization,I
ASN,139,B,138,ILE,9.760335,0,dimerization,I
GLU,140,B,146,CYS,10.98382,0,dimerization,C
ASN,141,B,146,CYS,8.667122,0,dimerization,C
VAL,142,B,146,CYS,6.408862,0,dimerization,C
ASN,143,B,146,CYS,8.208133,0,dimerization,C
GLU,144,B,146,CYS,9.74001,0,dimerization,C
LYS,145,B,146,CYS,7.476632,0,dimerization,C
CYS,146,B,146,CYS,4.4902267,0,dimerization,C
LYS,147,B,146,CYS,8.148996,0,dimerization,C
PHE,148,B,146,CYS,8.747947,0,dimerization,C
THR,149,B,146,CYS,11.779839,0,dimerization,C
LEU,150,B,150,LEU,9.672144,0,dimerization,L
PRO,151,B,150,LEU,11.471765,0,dimerization,L
PRO,152,B,153,LEU,11.240776,0,dimerization,L
LEU,153,B,150,LEU,7.0130806,0,dimerization,L
LYS,154,B,237,ILE,8.667869,0,dimerization,I
ILE,155,B,237,ILE,4.502386,0,dimerization,I
HIS,156,B,237,ILE,6.0403023,0,dimerization,I
GLU,157,B,237,ILE,8.079855,0,dimerization,I
CYS,158,B,237,ILE,7.7145934,0,dimerization,I
ASN,159,B,237,ILE,8.175041,0,dimerization,I
ILE,160,B,237,ILE,3.6599429,1,dimerization,I
SER,161,B,238,GLY,6.3836565,0,dimerization,G
CYS,162,B,239,SER,3.6726081,1,dimerization,S
PRO,163,B,239,SER,2.8928046,2,dimerization,S
ASN,164,B,239,SER,3.1911142,1,dimerization,S
PRO,165,B,239,SER,3.9993176,1,dimerization,S
LEU,166,B,238,GLY,3.2714648,2,dimerization,G
PRO,167,B,583,THR,4.652486,0,dimerization,T
PHE,168,B,214,GLY,6.306703,0,dimerization,G
ARG,169,B,584,GLY,2.8423285,1,dimerization,G
GLU,170,B,213,SER,5.197192,0,dimerization,S
TYR,171,B,212,GLN,3.8656266,1,dimerization,Q
ARG,172,B,213,SER,5.7885013,0,dimerization,S
PRO,173,B,212,GLN,5.119456,0,dimerization,Q
GLN,174,B,212,GLN,6.362489,0,dimerization,Q
THR,175,B,210,VAL,7.901636,0,dimerization,V
GLU,176,B,213,SER,5.165262,0,dimerization,S
GLY,177,B,210,VAL,4.7665734,0,dimerization,V
VAL,178,B,210,VAL,6.0685296,0,dimerization,V
SER,179,B,210,VAL,9.387313,0,dimerization,V
ASN,180,B,210,VAL,12.694861,0,dimerization,V
LEU,181,B,210,VAL,15.82879,0,dimerization,V
VAL,182,B,210,VAL,17.429071,0,dimerization,V
GLY,183,B,210,VAL,19.702755,0,dimerization,V
LEU,184,B,585,ASP,14.778345,0,dimerization,D
PRO,185,B,585,ASP,18.548906,0,dimerization,D
ASN,186,B,585,ASP,15.199528,0,dimerization,D
ASN,187,B,585,ASP,16.607925,0,dimerization,D
ILE,188,B,585,ASP,19.21659,0,dimerization,D
CYS,189,B,585,ASP,21.32139,0,dimerization,D
LEU,190,B,585,ASP,24.589954,0,dimerization,D
GLN,191,B,585,ASP,25.706491,0,dimerization,D
LYS,192,B,199,LYS,29.8236,0,dimerization,K
THR,193,B,199,LYS,25.898882,0,dimerization,K
SER,194,B,199,LYS,22.934105,0,dimerization,K
ASN,195,B,199,LYS,21.597109,0,dimerization,K
GLN,196,B,199,LYS,17.377575,0,dimerization,K
ILE,197,B,202,LEU,18.219282,0,dimerization,L
LEU,198,B,201,LYS,16.888027,0,dimerization,K
LYS,199,B,201,LYS,13.282605,0,dimerization,K
PRO,200,B,260,ASP,11.171275,0,dimerization,D
LYS,201,B,260,ASP,8.910655,0,dimerization,D
LEU,202,B,260,ASP,5.407088,0,dimerization,D
ILE,203,B,258,ARG,7.07231,0,dimerization,R
SER,204,B,260,ASP,5.805215,0,dimerization,D
TYR,205,B,172,ARG,3.0710778,2,dimerization,R
THR,206,B,172,ARG,3.5244646,1,dimerization,R
LEU,207,B,172,ARG,4.969966,0,dimerization,R
PRO,208,B,171,TYR,3.6278796,1,dimerization,Y
VAL,209,B,173,PRO,5.2804427,0,dimerization,P
VAL,210,B,173,PRO,4.5132756,0,dimerization,P
GLY,211,B,173,PRO,4.555025,0,dimerization,P
GLN,212,B,173,PRO,6.8938227,0,dimerization,P
SER,213,B,173,PRO,10.031558,0,dimerization,P
GLY,214,B,173,PRO,11.566765,0,dimerization,P
THR,215,B,173,PRO,8.750463,0,dimerization,P
CYS,216,B,173,PRO,11.968604,0,dimerization,P
ILE,217,B,173,PRO,8.38748,0,dimerization,P
THR,218,B,171,TYR,13.268499,0,dimerization,Y
ASP,219,B,171,TYR,13.867125,0,dimerization,Y
PRO,220,B,171,TYR,13.554002,0,dimerization,Y
LEU,221,B,171,TYR,12.433372,0,dimerization,Y
LEU,222,B,172,ARG,12.298467,0,dimerization,R
ALA,223,B,172,ARG,15.013229,0,dimerization,R
MET,224,B,172,ARG,13.455559,0,dimerization,R
ASP,225,B,210,VAL,12.104192,0,dimerization,V
GLU,226,B,210,VAL,9.37821,0,dimerization,V
GLY,227,B,210,VAL,7.5166364,0,dimerization,V
TYR,228,B,210,VAL,8.502959,0,dimerization,V
PHE,229,B,172,ARG,8.305081,0,dimerization,R
ALA,230,B,171,TYR,11.6364155,0,dimerization,Y
TYR,231,B,171,TYR,7.8975015,0,dimerization,Y
SER,232,B,171,TYR,9.838009,0,dimerization,Y
HIS,233,B,171,TYR,6.626331,0,dimerization,Y
LEU,234,B,171,TYR,10.608325,0,dimerization,Y
GLU,235,B,171,TYR,8.599424,0,dimerization,Y
ARG,236,B,171,TYR,12.004842,0,dimerization,Y
ILE,237,B,173,PRO,11.585396,0,dimerization,P
GLY,238,B,173,PRO,15.066039,0,dimerization,P
SER,239,B,173,PRO,17.701744,0,dimerization,P
CYS,240,B,173,PRO,16.2355,0,dimerization,P
SER,241,B,173,PRO,19.40616,0,dimerization,P
ARG,242,B,173,PRO,20.702168,0,dimerization,P
GLY,243,B,171,TYR,18.001436,0,dimerization,Y
VAL,244,B,171,TYR,14.3472395,0,dimerization,Y
SER,245,B,171,TYR,12.805619,0,dimerization,Y
LYS,246,B,171,TYR,9.676941,0,dimerization,Y
GLN,247,B,171,TYR,3.888716,1,dimerization,Y
ARG,248,B,171,TYR,7.897015,0,dimerization,Y
ILE,249,B,171,TYR,3.4247985,1,dimerization,Y
ILE,250,B,171,TYR,7.920408,0,dimerization,Y
GLY,251,B,171,TYR,7.799971,0,dimerization,Y
VAL,252,B,171,TYR,7.392901,0,dimerization,Y
GLY,253,B,170,GLU,9.029905,0,dimerization,E
GLU,254,B,210,VAL,4.6552234,0,dimerization,V
VAL,255,B,210,VAL,5.626694,0,dimerization,V
LEU,256,B,208,PRO,3.3762743,2,dimerization,P
ASP,257,B,589,ARG,4.474059,0,dimerization,R
ARG,258,B,205,TYR,2.7709963,4,dimerization,Y
GLY,259,B,202,LEU,3.3312683,3,dimerization,L
ASP,260,B,202,LEU,3.5815973,1,dimerization,L
GLU,261,B,591,LYS,3.4066625,1,dimerization,K
VAL,262,B,202,LEU,7.0132847,0,dimerization,L
PRO,263,B,204,SER,9.551949,0,dimerization,S
SER,264,B,204,SER,6.604321,0,dimerization,S
LEU,265,B,170,GLU,4.685579,0,dimerization,E
PHE,266,B,170,GLU,3.4474118,2,dimerization,E
MET,267,B,171,TYR,3.099941,2,dimerization,Y
THR,268,B,168,PHE,3.9828043,1,dimerization,F
ASN,269,B,171,TYR,5.9488826,0,dimerization,Y
VAL,270,B,171,TYR,3.7702456,1,dimerization,Y
TRP,271,B,171,TYR,7.327893,0,dimerization,Y
THR,272,B,171,TYR,7.3238516,0,dimerization,Y
PRO,273,B,171,TYR,10.113874,0,dimerization,Y
PRO,274,B,171,TYR,13.212934,0,dimerization,Y
ASN,275,B,171,TYR,14.199658,0,dimerization,Y
PRO,276,B,171,TYR,11.913924,0,dimerization,Y
ASN,277,B,171,TYR,15.221501,0,dimerization,Y
THR,278,B,171,TYR,16.956118,0,dimerization,Y
VAL,279,B,171,TYR,14.640287,0,dimerization,Y
TYR,280,B,171,TYR,17.488493,0,dimerization,Y
HIS,281,B,171,TYR,18.52596,0,dimerization,Y
CYS,282,B,171,TYR,15.284222,0,dimerization,Y
SER,283,B,171,TYR,18.266268,0,dimerization,Y
ALA,284,B,171,TYR,16.302795,0,dimerization,Y
VAL,285,B,168,PHE,18.542643,0,dimerization,F
TYR,286,B,210,VAL,12.686029,0,dimerization,V
ASN,287,B,168,PHE,16.857376,0,dimerization,F
ASN,288,B,168,PHE,15.275423,0,dimerization,F
GLU,289,B,168,PHE,11.812808,0,dimerization,F
PHE,290,B,168,PHE,11.639951,0,dimerization,F
TYR,291,B,168,PHE,13.869522,0,dimerization,F
TYR,292,B,168,PHE,16.518513,0,dimerization,F
VAL,293,B,171,TYR,14.712541,0,dimerization,Y
LEU,294,B,171,TYR,18.824984,0,dimerization,Y
CYS,295,B,171,TYR,15.965441,0,dimerization,Y
ALA,296,B,171,TYR,19.404324,0,dimerization,Y
VAL,297,B,171,TYR,20.359715,0,dimerization,Y
SER,298,B,171,TYR,21.203732,0,dimerization,Y
THR,299,B,171,TYR,23.316946,0,dimerization,Y
VAL,300,B,171,TYR,24.58955,0,dimerization,Y
GLY,301,B,171,TYR,22.909233,0,dimerization,Y
ASP,302,B,171,TYR,22.965864,0,dimerization,Y
PRO,303,B,171,TYR,22.998302,0,dimerization,Y
ILE,304,B,171,TYR,25.888073,0,dimerization,Y
LEU,305,B,171,TYR,26.002869,0,dimerization,Y
ASN,306,B,171,TYR,28.36794,0,dimerization,Y
SER,307,B,171,TYR,29.903414,0,dimerization,Y
THR,308,B,171,TYR,32.123283,0,dimerization,Y
TYR,309,B,171,TYR,29.728134,0,dimerization,Y
TRP,310,B,171,TYR,25.139967,0,dimerization,Y
SER,311,B,171,TYR,28.200766,0,dimerization,Y
GLY,312,B,171,TYR,27.454363,0,dimerization,Y
SER,313,B,171,TYR,23.896473,0,dimerization,Y
LEU,314,B,171,TYR,22.80813,0,dimerization,Y
MET,315,B,171,TYR,16.738867,0,dimerization,Y
MET,316,B,168,PHE,17.775171,0,dimerization,F
THR,317,B,168,PHE,14.007377,0,dimerization,F
ARG,318,B,168,PHE,11.713261,0,dimerization,F
LEU,319,B,168,PHE,10.364011,0,dimerization,F
ALA,320,B,168,PHE,8.019261,0,dimerization,F
VAL,321,B,167,PRO,8.301901,0,dimerization,P
LYS,322,B,167,PRO,6.250799,0,dimerization,P
PRO,323,B,168,PHE,3.5139213,2,dimerization,F
LYS,324,B,168,PHE,3.38708,1,dimerization,F
SER,325,B,167,PRO,3.9559274,1,dimerization,P
ASN,326,B,168,PHE,4.971551,0,dimerization,F
GLY,327,B,168,PHE,5.6467648,0,dimerization,F
GLY,328,B,168,PHE,7.017658,0,dimerization,F
GLY,329,B,168,PHE,9.799304,0,dimerization,F
TYR,330,B,168,PHE,7.765683,0,dimerization,F
ASN,331,B,168,PHE,3.5723956,1,dimerization,F
GLN,332,B,168,PHE,7.1742883,0,dimerization,F
HIS,333,B,168,PHE,11.465869,0,dimerization,F
GLN,334,B,168,PHE,14.705199,0,dimerization,F
LEU,335,B,168,PHE,16.888083,0,dimerization,F
ALA,336,B,168,PHE,21.19442,0,dimerization,F
LEU,337,B,168,PHE,23.825817,0,dimerization,F
ARG,338,B,168,PHE,27.182617,0,dimerization,F
SER,339,B,168,PHE,29.541466,0,dimerization,F
ILE,340,B,171,TYR,28.59621,0,dimerization,Y
GLU,341,B,168,PHE,33.32831,0,dimerization,F
LYS,342,B,171,TYR,33.277992,0,dimerization,Y
GLY,343,B,171,TYR,37.18632,0,dimerization,Y
ARG,344,B,171,TYR,38.821735,0,dimerization,Y
TYR,345,B,171,TYR,35.354275,0,dimerization,Y
ASP,346,B,171,TYR,33.900707,0,dimerization,Y
LYS,347,B,171,TYR,30.90295,0,dimerization,Y
VAL,348,B,171,TYR,27.613749,0,dimerization,Y
MET,349,B,171,TYR,24.536617,0,dimerization,Y
PRO,350,B,171,TYR,22.277576,0,dimerization,Y
TYR,351,B,171,TYR,23.301151,0,dimerization,Y
GLY,352,B,171,TYR,20.369766,0,dimerization,Y
PRO,353,B,171,TYR,17.97241,0,dimerization,Y
SER,354,B,171,TYR,19.716288,0,dimerization,Y
GLY,355,B,210,VAL,20.995121,0,dimerization,V
ILE,356,B,210,VAL,22.238462,0,dimerization,V
LYS,357,B,210,VAL,17.149418,0,dimerization,V
GLN,358,B,210,VAL,23.693804,0,dimerization,V
GLY,359,B,210,VAL,22.868544,0,dimerization,V
ASP,360,B,168,PHE,24.853619,0,dimerization,F
THR,361,B,210,VAL,24.976255,0,dimerization,V
LEU,362,B,168,PHE,21.322563,0,dimerization,F
TYR,363,B,171,TYR,25.311539,0,dimerization,Y
PHE,364,B,171,TYR,21.184566,0,dimerization,Y
PRO,365,B,171,TYR,23.492022,0,dimerization,Y
ALA,366,B,171,TYR,26.765064,0,dimerization,Y
VAL,367,B,171,TYR,27.936184,0,dimerization,Y
GLY,368,B,171,TYR,31.359129,0,dimerization,Y
PHE,369,B,171,TYR,28.710585,0,dimerization,Y
LEU,370,B,171,TYR,35.717945,0,dimerization,Y
VAL,371,B,171,TYR,38.699863,0,dimerization,Y
ARG,372,B,171,TYR,39.56117,0,dimerization,Y
THR,373,B,171,TYR,43.018295,0,dimerization,Y
GLU,374,B,171,TYR,42.591133,0,dimerization,Y
PHE,375,B,171,TYR,40.882168,0,dimerization,Y
LYS,376,B,171,TYR,44.71259,0,dimerization,Y
TYR,377,B,171,TYR,44.16517,0,dimerization,Y
ASN,378,B,171,TYR,48.35007,0,dimerization,Y
ASP,379,B,171,TYR,48.110184,0,dimerization,Y
SER,380,B,171,TYR,51.37326,0,dimerization,Y
ASN,381,B,171,TYR,47.71641,0,dimerization,Y
CYS,382,B,171,TYR,46.506004,0,dimerization,Y
PRO,383,B,171,TYR,45.3477,0,dimerization,Y
ILE,384,B,171,TYR,49.25826,0,dimerization,Y
THR,385,B,260,ASP,49.62225,0,dimerization,D
LYS,386,B,260,ASP,49.12922,0,dimerization,D
CYS,387,B,259,GLY,47.277756,0,dimerization,G
GLN,388,B,260,ASP,50.774498,0,dimerization,D
TYR,389,B,259,GLY,47.88165,0,dimerization,G
SER,390,B,171,TYR,48.009193,0,dimerization,Y
LYS,391,B,171,TYR,48.00578,0,dimerization,Y
PRO,392,B,171,TYR,47.997944,0,dimerization,Y
GLU,393,B,171,TYR,45.215923,0,dimerization,Y
ASN,394,B,171,TYR,42.42465,0,dimerization,Y
CYS,395,B,171,TYR,41.565945,0,dimerization,Y
ARG,396,B,171,TYR,41.384388,0,dimerization,Y
LEU,397,B,171,TYR,39.779907,0,dimerization,Y
SER,398,B,171,TYR,36.854744,0,dimerization,Y
MET,399,B,171,TYR,35.856575,0,dimerization,Y
GLY,400,B,171,TYR,35.441372,0,dimerization,Y
ILE,401,B,171,TYR,31.520859,0,dimerization,Y
ARG,402,B,171,TYR,35.912132,0,dimerization,Y
PRO,403,B,171,TYR,39.686665,0,dimerization,Y
ASN,404,B,171,TYR,39.87214,0,dimerization,Y
SER,405,B,171,TYR,35.584248,0,dimerization,Y
HIS,406,B,171,TYR,37.795227,0,dimerization,Y
TYR,407,B,171,TYR,34.71299,0,dimerization,Y
ILE,408,B,171,TYR,35.37787,0,dimerization,Y
LEU,409,B,171,TYR,30.419577,0,dimerization,Y
ARG,410,B,171,TYR,32.560127,0,dimerization,Y
SER,411,B,171,TYR,30.8057,0,dimerization,Y
GLY,412,B,171,TYR,29.342817,0,dimerization,Y
LEU,413,B,171,TYR,28.73083,0,dimerization,Y
LEU,414,B,171,TYR,26.506893,0,dimerization,Y
LYS,415,B,168,PHE,28.238329,0,dimerization,F
TYR,416,B,168,PHE,22.252642,0,dimerization,F
ASN,417,B,168,PHE,25.791138,0,dimerization,F
LEU,418,B,168,PHE,20.956535,0,dimerization,F
SER,419,B,168,PHE,25.398924,0,dimerization,F
ASP,420,B,168,PHE,27.451838,0,dimerization,F
GLY,421,B,168,PHE,25.799786,0,dimerization,F
GLU,422,B,168,PHE,25.435822,0,dimerization,F
ASN,423,B,168,PHE,23.48477,0,dimerization,F
PRO,424,B,168,PHE,24.481255,0,dimerization,F
LYS,425,B,168,PHE,28.39952,0,dimerization,F
VAL,426,B,168,PHE,27.027355,0,dimerization,F
VAL,427,B,168,PHE,30.815622,0,dimerization,F
PHE,428,B,171,TYR,31.329689,0,dimerization,Y
ILE,429,B,210,VAL,33.32293,0,dimerization,V
GLU,430,B,171,TYR,35.405315,0,dimerization,Y
ILE,431,B,171,TYR,34.20059,0,dimerization,Y
SER,432,B,171,TYR,38.136875,0,dimerization,Y
ASP,433,B,171,TYR,40.93543,0,dimerization,Y
GLN,434,B,171,TYR,39.265926,0,dimerization,Y
ARG,435,B,171,TYR,38.073105,0,dimerization,Y
LEU,436,B,171,TYR,38.18152,0,dimerization,Y
SER,437,B,171,TYR,35.27039,0,dimerization,Y
ILE,438,B,171,TYR,32.3535,0,dimerization,Y
GLY,439,B,171,TYR,30.234331,0,dimerization,Y
SER,440,B,171,TYR,27.286736,0,dimerization,Y
PRO,441,B,171,TYR,24.038382,0,dimerization,Y
SER,442,B,171,TYR,24.156557,0,dimerization,Y
LYS,443,B,210,VAL,21.796888,0,dimerization,V
ILE,444,B,210,VAL,23.181831,0,dimerization,V
TYR,445,B,210,VAL,21.609262,0,dimerization,V
ASP,446,B,210,VAL,19.489487,0,dimerization,V
SER,447,B,210,VAL,21.280148,0,dimerization,V
LEU,448,B,210,VAL,21.228603,0,dimerization,V
GLY,449,B,210,VAL,22.39859,0,dimerization,V
GLN,450,B,210,VAL,24.398878,0,dimerization,V
PRO,451,B,210,VAL,25.44108,0,dimerization,V
VAL,452,B,210,VAL,25.913977,0,dimerization,V
PHE,453,B,210,VAL,28.214777,0,dimerization,V
TYR,454,B,171,TYR,26.89073,0,dimerization,Y
GLN,455,B,171,TYR,29.623735,0,dimerization,Y
ALA,456,B,171,TYR,27.499964,0,dimerization,Y
SER,457,B,171,TYR,30.583359,0,dimerization,Y
PHE,458,B,171,TYR,26.520037,0,dimerization,Y
SER,459,B,171,TYR,33.965836,0,dimerization,Y
TRP,460,B,171,TYR,37.47196,0,dimerization,Y
ASP,461,B,171,TYR,36.041695,0,dimerization,Y
THR,462,B,260,ASP,33.643482,0,dimerization,D
MET,463,B,260,ASP,34.538883,0,dimerization,D
ILE,464,B,260,ASP,29.6136,0,dimerization,D
LYS,465,B,171,TYR,31.99102,0,dimerization,Y
PHE,466,B,210,VAL,28.914099,0,dimerization,V
GLY,467,B,210,VAL,30.179953,0,dimerization,V
ASP,468,B,210,VAL,28.97618,0,dimerization,V
VAL,469,B,210,VAL,29.551231,0,dimerization,V
LEU,470,B,210,VAL,33.075573,0,dimerization,V
THR,471,B,210,VAL,33.288567,0,dimerization,V
VAL,472,B,210,VAL,29.654411,0,dimerization,V
ASN,473,B,210,VAL,33.774708,0,dimerization,V
PRO,474,B,210,VAL,35.79617,0,dimerization,V
LEU,475,B,210,VAL,32.16723,0,dimerization,V
VAL,476,B,210,VAL,34.46832,0,dimerization,V
VAL,477,B,210,VAL,33.14258,0,dimerization,V
ASN,478,B,210,VAL,34.640144,0,dimerization,V
TRP,479,B,210,VAL,33.606964,0,dimerization,V
ARG,480,B,210,VAL,32.68715,0,dimerization,V
ASN,481,B,210,VAL,37.160027,0,dimerization,V
ASN,482,B,260,ASP,32.778694,0,dimerization,D
THR,483,B,260,ASP,35.873035,0,dimerization,D
VAL,484,B,260,ASP,31.845846,0,dimerization,D
ILE,485,B,260,ASP,28.829416,0,dimerization,D
SER,486,B,260,ASP,29.03086,0,dimerization,D
ARG,487,B,260,ASP,28.991732,0,dimerization,D
PRO,488,B,259,GLY,27.088552,0,dimerization,G
GLY,489,B,259,GLY,30.872927,0,dimerization,G
GLN,490,B,259,GLY,32.45179,0,dimerization,G
SER,491,B,259,GLY,34.878414,0,dimerization,G
GLN,492,B,259,GLY,37.11234,0,dimerization,G
CYS,493,B,259,GLY,34.66822,0,dimerization,G
PRO,494,B,260,ASP,34.811234,0,dimerization,D
ARG,495,B,260,ASP,29.257147,0,dimerization,D
PHE,496,B,260,ASP,33.24687,0,dimerization,D
ASN,497,B,260,ASP,37.375748,0,dimerization,D
THR,498,B,260,ASP,40.41465,0,dimerization,D
CYS,499,B,259,GLY,42.553165,0,dimerization,G
PRO,500,B,171,TYR,43.51589,0,dimerization,Y
GLU,501,B,171,TYR,40.96013,0,dimerization,Y
ILE,502,B,171,TYR,39.430058,0,dimerization,Y
CYS,503,B,171,TYR,35.822617,0,dimerization,Y
TRP,504,B,171,TYR,28.44834,0,dimerization,Y
GLU,505,B,171,TYR,31.1914,0,dimerization,Y
GLY,506,B,171,TYR,27.572824,0,dimerization,Y
VAL,507,B,259,GLY,25.18028,0,dimerization,G
TYR,508,B,171,TYR,22.1663,0,dimerization,Y
ASN,509,B,260,ASP,23.541391,0,dimerization,D
ASP,510,B,172,ARG,22.12403,0,dimerization,R
ALA,511,B,210,VAL,24.698746,0,dimerization,V
PHE,512,B,210,VAL,18.92487,0,dimerization,V
LEU,513,B,210,VAL,21.721985,0,dimerization,V
ILE,514,B,210,VAL,21.126764,0,dimerization,V
ASP,515,B,210,VAL,24.158766,0,dimerization,V
ARG,516,B,585,ASP,25.963928,0,dimerization,D
ILE,517,B,585,ASP,26.134987,0,dimerization,D
ASN,518,B,585,ASP,27.200035,0,dimerization,D
TRP,519,B,210,VAL,29.087183,0,dimerization,V
ILE,520,B,210,VAL,25.673399,0,dimerization,V
SER,521,B,210,VAL,25.926455,0,dimerization,V
ALA,522,B,258,ARG,23.408049,0,dimerization,R
GLY,523,B,260,ASP,21.945,0,dimerization,D
VAL,524,B,260,ASP,18.620573,0,dimerization,D
PHE,525,B,260,ASP,22.42828,0,dimerization,D
LEU,526,B,260,ASP,21.43561,0,dimerization,D
ASP,527,B,260,ASP,24.492998,0,dimerization,D
SER,528,B,260,ASP,26.480011,0,dimerization,D
ASN,529,B,260,ASP,29.573511,0,dimerization,D
GLN,530,B,259,GLY,29.891415,0,dimerization,G
THR,531,B,259,GLY,26.466568,0,dimerization,G
ALA,532,B,259,GLY,22.395552,0,dimerization,G
GLU,533,B,260,ASP,22.110445,0,dimerization,D
ASN,534,B,260,ASP,20.776966,0,dimerization,D
PRO,535,B,260,ASP,17.51754,0,dimerization,D
VAL,536,B,260,ASP,20.261595,0,dimerization,D
PHE,537,B,260,ASP,18.60318,0,dimerization,D
THR,538,B,260,ASP,22.034134,0,dimerization,D
VAL,539,B,258,ARG,23.768717,0,dimerization,R
PHE,540,B,260,ASP,27.40232,0,dimerization,D
LYS,541,B,585,ASP,30.622639,0,dimerization,D
ASP,542,B,210,VAL,33.896187,0,dimerization,V
ASN,543,B,260,ASP,35.86797,0,dimerization,D
GLU,544,B,260,ASP,31.87819,0,dimerization,D
ILE,545,B,260,ASP,28.092527,0,dimerization,D
LEU,546,B,585,ASP,27.908926,0,dimerization,D
TYR,547,B,585,ASP,23.183207,0,dimerization,D
ARG,548,B,201,LYS,21.39939,0,dimerization,K
ALA,549,B,260,ASP,18.300251,0,dimerization,D
GLN,550,B,260,ASP,16.143013,0,dimerization,D
LEU,551,B,260,ASP,13.576014,0,dimerization,D
ALA,552,B,260,ASP,15.273941,0,dimerization,D
SER,553,B,260,ASP,16.844868,0,dimerization,D
GLU,554,B,260,ASP,20.453226,0,dimerization,D
ASP,555,B,260,ASP,20.494154,0,dimerization,D
THR,556,B,260,ASP,16.22909,0,dimerization,D
ASN,557,B,259,GLY,17.4706,0,dimerization,G
ALA,558,B,259,GLY,18.615732,0,dimerization,G
GLN,559,B,259,GLY,19.597773,0,dimerization,G
LYS,560,B,171,TYR,18.321629,0,dimerization,Y
THR,561,B,260,ASP,20.150034,0,dimerization,D
ILE,562,B,171,TYR,17.236013,0,dimerization,Y
THR,563,B,172,ARG,19.646444,0,dimerization,R
ASN,564,B,210,VAL,16.244648,0,dimerization,V
CYS,565,B,210,VAL,15.619196,0,dimerization,V
PHE,566,B,210,VAL,11.146707,0,dimerization,V
LEU,567,B,210,VAL,10.20488,0,dimerization,V
LEU,568,B,210,VAL,7.6911664,0,dimerization,V
LYS,569,B,586,ASN,4.754307,0,dimerization,N
ASN,570,B,585,ASP,8.627981,0,dimerization,D
LYS,571,B,585,ASP,10.20012,0,dimerization,D
ILE,572,B,585,ASP,14.7377405,0,dimerization,D
TRP,573,B,202,LEU,10.852153,0,dimerization,L
CYS,574,B,258,ARG,15.837119,0,dimerization,R
ILE,575,B,172,ARG,12.688532,0,dimerization,R
SER,576,B,260,ASP,14.406186,0,dimerization,D
LEU,577,B,172,ARG,12.846766,0,dimerization,R
VAL,578,B,259,GLY,13.96124,0,dimerization,G
GLU,579,B,259,GLY,15.539216,0,dimerization,G
ILE,580,B,259,GLY,13.15357,0,dimerization,G
TYR,581,B,259,GLY,14.093569,0,dimerization,G
ASP,582,B,259,GLY,9.252688,0,dimerization,G
ASP,585,B,259,GLY,12.12418,0,dimerization,G
ASN,586,B,259,GLY,15.128871,0,dimerization,G
VAL,587,B,259,GLY,12.888188,0,dimerization,G
ILE,588,B,173,PRO,13.44573,0,dimerization,P
ARG,589,B,259,GLY,8.072373,0,dimerization,G
PRO,590,B,259,GLY,9.777662,0,dimerization,G
LYS,591,B,259,GLY,9.096406,0,dimerization,G
LEU,592,B,260,ASP,9.678535,0,dimerization,D
PHE,593,B,260,ASP,11.215088,0,dimerization,D
ALA,594,B,258,ARG,11.397438,0,dimerization,R
VAL,595,B,258,ARG,14.240807,0,dimerization,R
LYS,596,B,585,ASP,12.254911,0,dimerization,D
ILE,597,B,585,ASP,17.117373,0,dimerization,D
PRO,598,B,585,ASP,18.255262,0,dimerization,D
GLU,599,B,585,ASP,13.239276,0,dimerization,D
GLN,600,B,585,ASP,18.28383,0,dimerization,D
CYS,601,B,585,ASP,22.567629,0,dimerization,D
TYR,602,B,553,SER,19.764702,0,dimerization,S
