wildtype,site,chain,residue,residue_name,distance,residues_within_4,ab
ILE,131,E,67,LYS,50.780445,0,nAH1.3
SER,132,E,57,ASN,49.211895,0,nAH1.3
GLN,133,E,57,ASN,46.77529,0,nAH1.3
SER,134,E,67,LYS,46.126297,0,nAH1.3
THR,135,E,57,ASN,46.121468,0,nAH1.3
ALA,136,E,57,ASN,43.30543,0,nAH1.3
SER,137,E,57,ASN,41.730827,0,nAH1.3
ILE,138,E,57,ASN,41.973343,0,nAH1.3
ASN,139,E,57,ASN,40.672733,0,nAH1.3
GLU,140,E,57,ASN,37.761604,0,nAH1.3
ASN,141,E,57,ASN,37.105827,0,nAH1.3
VAL,142,E,57,ASN,36.919796,0,nAH1.3
ASN,143,E,57,ASN,34.741756,0,nAH1.3
GLU,144,E,57,ASN,32.377934,0,nAH1.3
LYS,145,E,57,ASN,32.34558,0,nAH1.3
CYS,146,E,57,ASN,33.300735,0,nAH1.3
LYS,147,E,57,ASN,29.732527,0,nAH1.3
PHE,148,E,57,ASN,29.529919,0,nAH1.3
THR,149,E,57,ASN,26.674849,0,nAH1.3
LEU,150,E,57,ASN,25.764612,0,nAH1.3
PRO,151,E,57,ASN,22.30581,0,nAH1.3
PRO,152,E,57,ASN,23.78209,0,nAH1.3
LEU,153,F,32,TYR,23.276258,0,nAH1.3
LYS,154,E,57,ASN,18.076178,0,nAH1.3
ILE,155,F,32,TYR,19.366549,0,nAH1.3
HIS,156,F,32,TYR,15.524191,0,nAH1.3
GLU,157,F,32,TYR,16.08362,0,nAH1.3
CYS,158,F,32,TYR,17.37168,0,nAH1.3
ASN,159,F,31,ASP,16.643627,0,nAH1.3
ILE,160,F,31,ASP,19.63288,0,nAH1.3
SER,161,F,31,ASP,21.729975,0,nAH1.3
CYS,162,F,31,ASP,22.9932,0,nAH1.3
PRO,163,F,31,ASP,24.72553,0,nAH1.3
ASN,164,F,31,ASP,22.62038,0,nAH1.3
PRO,165,F,31,ASP,19.587881,0,nAH1.3
LEU,166,F,31,ASP,16.39524,0,nAH1.3
PRO,167,F,31,ASP,13.4126005,0,nAH1.3
PHE,168,F,31,ASP,11.557784,0,nAH1.3
ARG,169,F,31,ASP,8.987252,0,nAH1.3
GLU,170,F,31,ASP,7.473603,0,nAH1.3
TYR,171,F,32,TYR,9.2805195,0,nAH1.3
ARG,172,F,31,ASP,2.9211314,2,nAH1.3
PRO,173,F,32,TYR,8.842695,0,nAH1.3
GLN,174,F,32,TYR,8.758404,0,nAH1.3
THR,175,F,32,TYR,5.400134,0,nAH1.3
GLU,176,F,32,TYR,8.212098,0,nAH1.3
GLY,177,F,32,TYR,9.944197,0,nAH1.3
VAL,178,F,32,TYR,11.696439,0,nAH1.3
SER,179,F,32,TYR,8.444197,0,nAH1.3
ASN,180,E,103,THR,9.05002,0,nAH1.3
LEU,181,E,103,THR,5.936673,0,nAH1.3
VAL,182,E,103,THR,5.1583657,0,nAH1.3
GLY,183,E,104,THR,3.3121662,2,nAH1.3
LEU,184,F,34,ILE,3.763221,4,nAH1.3
PRO,185,F,54,SER,3.122365,6,nAH1.3
ASN,186,F,57,ASN,2.9945557,2,nAH1.3
ASN,187,F,57,ASN,2.9518754,3,nAH1.3
ILE,188,F,57,ASN,3.4442189,1,nAH1.3
CYS,189,F,57,ASN,5.644801,0,nAH1.3
LEU,190,F,58,GLN,3.4858687,3,nAH1.3
GLN,191,F,58,GLN,3.6255147,1,nAH1.3
LYS,192,F,64,ALA,8.647236,0,nAH1.3
THR,193,F,64,ALA,11.226799,0,nAH1.3
SER,194,F,64,ALA,13.683493,0,nAH1.3
ASN,195,F,64,ALA,13.859446,0,nAH1.3
GLN,196,F,57,ASN,17.20457,0,nAH1.3
ILE,197,F,57,ASN,11.895564,0,nAH1.3
LEU,198,F,57,ASN,13.839688,0,nAH1.3
LYS,199,F,57,ASN,17.43571,0,nAH1.3
PRO,200,F,57,ASN,19.893616,0,nAH1.3
LYS,201,F,33,GLY,19.435965,0,nAH1.3
LEU,202,F,32,TYR,23.993874,0,nAH1.3
ILE,203,F,32,TYR,21.532017,0,nAH1.3
SER,204,F,32,TYR,26.600405,0,nAH1.3
TYR,205,F,32,TYR,24.172335,0,nAH1.3
THR,206,F,32,TYR,24.442749,0,nAH1.3
LEU,207,F,32,TYR,27.149414,0,nAH1.3
PRO,208,F,32,TYR,30.973053,0,nAH1.3
VAL,209,F,32,TYR,31.483097,0,nAH1.3
VAL,210,F,32,TYR,34.597363,0,nAH1.3
GLY,211,F,32,TYR,37.326153,0,nAH1.3
GLN,212,F,32,TYR,40.562878,0,nAH1.3
SER,213,F,32,TYR,42.99239,0,nAH1.3
GLY,214,E,31,TYR,43.97605,0,nAH1.3
THR,215,E,31,TYR,40.557602,0,nAH1.3
CYS,216,E,31,TYR,37.12244,0,nAH1.3
ILE,217,E,31,TYR,33.01882,0,nAH1.3
THR,218,E,31,TYR,30.908485,0,nAH1.3
ASP,219,E,31,TYR,27.80876,0,nAH1.3
PRO,220,E,31,TYR,25.2676,0,nAH1.3
LEU,221,E,31,TYR,21.884861,0,nAH1.3
LEU,222,E,31,TYR,20.336176,0,nAH1.3
ALA,223,E,31,TYR,18.643753,0,nAH1.3
MET,224,E,31,TYR,15.4960575,0,nAH1.3
ASP,225,E,31,TYR,12.910931,0,nAH1.3
GLU,226,E,55,SER,14.726101,0,nAH1.3
GLY,227,F,32,TYR,15.307887,0,nAH1.3
TYR,228,F,32,TYR,17.817623,0,nAH1.3
PHE,229,F,32,TYR,21.302816,0,nAH1.3
ALA,230,E,31,TYR,21.711641,0,nAH1.3
TYR,231,E,31,TYR,24.435045,0,nAH1.3
SER,232,E,31,TYR,26.226017,0,nAH1.3
HIS,233,E,31,TYR,29.110624,0,nAH1.3
LEU,234,E,31,TYR,31.605879,0,nAH1.3
GLU,235,E,31,TYR,35.004307,0,nAH1.3
ARG,236,E,31,TYR,35.135956,0,nAH1.3
ILE,237,E,31,TYR,41.21289,0,nAH1.3
GLY,238,E,31,TYR,42.000923,0,nAH1.3
SER,239,E,31,TYR,41.36394,0,nAH1.3
CYS,240,E,31,TYR,37.529213,0,nAH1.3
SER,241,E,31,TYR,38.719334,0,nAH1.3
ARG,242,E,31,TYR,40.712826,0,nAH1.3
GLY,243,E,31,TYR,40.77169,0,nAH1.3
VAL,244,E,31,TYR,40.62157,0,nAH1.3
SER,245,E,31,TYR,36.833775,0,nAH1.3
LYS,246,E,31,TYR,38.8085,0,nAH1.3
GLN,247,E,31,TYR,34.90682,0,nAH1.3
ARG,248,E,31,TYR,27.414131,0,nAH1.3
ILE,249,E,31,TYR,29.374517,0,nAH1.3
ILE,250,E,31,TYR,26.017149,0,nAH1.3
GLY,251,E,31,TYR,25.66539,0,nAH1.3
VAL,252,E,31,TYR,23.915676,0,nAH1.3
GLY,253,F,32,TYR,22.024076,0,nAH1.3
GLU,254,F,32,TYR,19.217758,0,nAH1.3
VAL,255,F,32,TYR,16.568314,0,nAH1.3
LEU,256,F,32,TYR,17.101006,0,nAH1.3
ASP,257,F,32,TYR,15.229827,0,nAH1.3
ARG,258,F,32,TYR,19.026634,0,nAH1.3
GLY,259,F,32,TYR,19.77583,0,nAH1.3
ASP,260,F,33,GLY,18.957388,0,nAH1.3
GLU,261,F,32,TYR,15.537187,0,nAH1.3
VAL,262,F,32,TYR,17.147642,0,nAH1.3
PRO,263,F,32,TYR,15.702105,0,nAH1.3
SER,264,F,32,TYR,19.04122,0,nAH1.3
LEU,265,F,32,TYR,21.602566,0,nAH1.3
PHE,266,F,32,TYR,23.432158,0,nAH1.3
MET,267,F,32,TYR,26.254873,0,nAH1.3
THR,268,F,32,TYR,26.934399,0,nAH1.3
ASN,269,E,55,SER,27.81052,0,nAH1.3
VAL,270,E,31,TYR,31.153389,0,nAH1.3
TRP,271,E,31,TYR,29.74879,0,nAH1.3
THR,272,E,31,TYR,32.86817,0,nAH1.3
PRO,273,E,31,TYR,32.759388,0,nAH1.3
PRO,274,E,31,TYR,35.031925,0,nAH1.3
ASN,275,E,31,TYR,34.771534,0,nAH1.3
PRO,276,E,31,TYR,34.13266,0,nAH1.3
ASN,277,E,31,TYR,34.824524,0,nAH1.3
THR,278,E,31,TYR,30.988976,0,nAH1.3
VAL,279,E,31,TYR,28.51659,0,nAH1.3
TYR,280,E,31,TYR,25.71475,0,nAH1.3
HIS,281,E,31,TYR,22.717802,0,nAH1.3
CYS,282,E,31,TYR,21.552086,0,nAH1.3
SER,283,E,31,TYR,17.134672,0,nAH1.3
ALA,284,E,31,TYR,16.105366,0,nAH1.3
VAL,285,E,31,TYR,13.359521,0,nAH1.3
TYR,286,E,31,TYR,14.095955,0,nAH1.3
ASN,287,E,55,SER,12.82795,0,nAH1.3
ASN,288,E,55,SER,14.796069,0,nAH1.3
GLU,289,E,55,SER,16.817476,0,nAH1.3
PHE,290,E,55,SER,18.706686,0,nAH1.3
TYR,291,E,31,TYR,17.640182,0,nAH1.3
TYR,292,E,31,TYR,18.227673,0,nAH1.3
VAL,293,E,31,TYR,20.794205,0,nAH1.3
LEU,294,E,31,TYR,18.747389,0,nAH1.3
CYS,295,E,31,TYR,23.066515,0,nAH1.3
ALA,296,E,31,TYR,25.18278,0,nAH1.3
VAL,297,E,31,TYR,28.109018,0,nAH1.3
SER,298,E,31,TYR,31.247715,0,nAH1.3
THR,299,E,31,TYR,34.484207,0,nAH1.3
VAL,300,E,31,TYR,34.374134,0,nAH1.3
GLY,301,E,31,TYR,32.550735,0,nAH1.3
ASP,302,E,31,TYR,29.57044,0,nAH1.3
PRO,303,E,31,TYR,28.33557,0,nAH1.3
ILE,304,E,31,TYR,26.044163,0,nAH1.3
LEU,305,E,31,TYR,31.291346,0,nAH1.3
ASN,306,E,31,TYR,33.236996,0,nAH1.3
SER,307,E,31,TYR,30.338068,0,nAH1.3
THR,308,E,31,TYR,33.24533,0,nAH1.3
TYR,309,E,31,TYR,34.50307,0,nAH1.3
TRP,310,E,31,TYR,26.041477,0,nAH1.3
SER,311,E,31,TYR,30.401405,0,nAH1.3
GLY,312,E,31,TYR,26.528458,0,nAH1.3
SER,313,E,31,TYR,27.27233,0,nAH1.3
LEU,314,E,31,TYR,22.101513,0,nAH1.3
MET,315,E,31,TYR,23.997652,0,nAH1.3
MET,316,E,31,TYR,19.337637,0,nAH1.3
THR,317,E,31,TYR,22.845211,0,nAH1.3
ARG,318,E,55,SER,22.71679,0,nAH1.3
LEU,319,E,55,SER,23.263144,0,nAH1.3
ALA,320,E,55,SER,24.163847,0,nAH1.3
VAL,321,E,55,SER,20.981598,0,nAH1.3
LYS,322,F,32,TYR,19.70795,0,nAH1.3
PRO,323,E,55,SER,26.784088,0,nAH1.3
LYS,324,E,55,SER,25.39887,0,nAH1.3
SER,325,E,55,SER,31.755682,0,nAH1.3
ASN,326,E,55,SER,33.269123,0,nAH1.3
GLY,327,E,55,SER,30.690836,0,nAH1.3
GLY,328,E,55,SER,30.966452,0,nAH1.3
GLY,329,E,55,SER,27.709646,0,nAH1.3
TYR,330,E,55,SER,23.163208,0,nAH1.3
ASN,331,E,55,SER,27.667585,0,nAH1.3
GLN,332,E,55,SER,29.121016,0,nAH1.3
HIS,333,E,31,TYR,26.838043,0,nAH1.3
GLN,334,E,31,TYR,27.789835,0,nAH1.3
LEU,335,E,31,TYR,22.986483,0,nAH1.3
ALA,336,E,31,TYR,25.481499,0,nAH1.3
LEU,337,E,31,TYR,22.357143,0,nAH1.3
ARG,338,E,31,TYR,26.253223,0,nAH1.3
SER,339,E,31,TYR,22.582775,0,nAH1.3
ILE,340,E,31,TYR,22.219511,0,nAH1.3
GLU,341,E,31,TYR,19.28907,0,nAH1.3
LYS,342,E,31,TYR,21.412245,0,nAH1.3
GLY,343,E,31,TYR,21.627592,0,nAH1.3
ARG,344,E,31,TYR,20.846298,0,nAH1.3
TYR,345,E,31,TYR,20.471268,0,nAH1.3
ASP,346,E,31,TYR,26.168783,0,nAH1.3
LYS,347,E,31,TYR,23.92421,0,nAH1.3
VAL,348,E,31,TYR,21.151922,0,nAH1.3
MET,349,E,31,TYR,20.067598,0,nAH1.3
PRO,350,E,31,TYR,19.76971,0,nAH1.3
TYR,351,E,31,TYR,18.697514,0,nAH1.3
GLY,352,E,31,TYR,18.414013,0,nAH1.3
PRO,353,E,31,TYR,18.1159,0,nAH1.3
SER,354,E,31,TYR,14.150888,0,nAH1.3
GLY,355,E,31,TYR,11.581246,0,nAH1.3
ILE,356,E,31,TYR,6.152037,0,nAH1.3
LYS,357,E,31,TYR,7.776172,0,nAH1.3
GLN,358,E,31,TYR,2.9866421,1,nAH1.3
GLY,359,E,55,SER,8.224985,0,nAH1.3
ASP,360,E,55,SER,10.677707,0,nAH1.3
THR,361,E,31,TYR,10.085037,0,nAH1.3
LEU,362,E,31,TYR,11.544149,0,nAH1.3
TYR,363,E,31,TYR,7.5418706,0,nAH1.3
PHE,364,E,31,TYR,12.76605,0,nAH1.3
PRO,365,E,31,TYR,14.171843,0,nAH1.3
ALA,366,E,31,TYR,16.018036,0,nAH1.3
VAL,367,E,31,TYR,19.033134,0,nAH1.3
GLY,368,E,31,TYR,20.530355,0,nAH1.3
PHE,369,E,31,TYR,23.739746,0,nAH1.3
LEU,370,E,31,TYR,25.31232,0,nAH1.3
VAL,371,E,31,TYR,28.432827,0,nAH1.3
ARG,372,E,31,TYR,30.504602,0,nAH1.3
THR,373,E,31,TYR,31.830458,0,nAH1.3
GLU,374,E,31,TYR,27.7688,0,nAH1.3
PHE,375,E,31,TYR,24.535612,0,nAH1.3
LYS,376,E,26,GLY,25.217794,0,nAH1.3
TYR,377,E,1,GLU,22.368374,0,nAH1.3
ASN,378,E,1,GLU,24.153458,0,nAH1.3
ASP,379,E,1,GLU,25.38388,0,nAH1.3
SER,380,E,1,GLU,23.113903,0,nAH1.3
ASN,381,E,1,GLU,20.266214,0,nAH1.3
CYS,382,E,1,GLU,22.237684,0,nAH1.3
PRO,383,E,1,GLU,19.976252,0,nAH1.3
ILE,384,E,1,GLU,23.14432,0,nAH1.3
THR,385,E,1,GLU,21.75367,0,nAH1.3
LYS,386,E,1,GLU,23.542536,0,nAH1.3
CYS,387,E,1,GLU,25.969915,0,nAH1.3
GLN,388,E,1,GLU,29.231245,0,nAH1.3
TYR,389,E,1,GLU,30.8196,0,nAH1.3
SER,390,E,1,GLU,27.72651,0,nAH1.3
LYS,391,E,1,GLU,28.443542,0,nAH1.3
PRO,392,E,1,GLU,27.337376,0,nAH1.3
GLU,393,E,1,GLU,29.31155,0,nAH1.3
ASN,394,E,1,GLU,27.885721,0,nAH1.3
CYS,395,E,1,GLU,24.270882,0,nAH1.3
ARG,396,E,1,GLU,26.841599,0,nAH1.3
LEU,397,E,1,GLU,29.350954,0,nAH1.3
SER,398,E,1,GLU,27.954985,0,nAH1.3
MET,399,E,31,TYR,23.506546,0,nAH1.3
GLY,400,E,31,TYR,28.858704,0,nAH1.3
ILE,401,E,31,TYR,29.433735,0,nAH1.3
ARG,402,E,31,TYR,32.91397,0,nAH1.3
PRO,403,E,31,TYR,35.2375,0,nAH1.3
ASN,404,E,31,TYR,35.75102,0,nAH1.3
SER,405,E,31,TYR,31.912613,0,nAH1.3
HIS,406,E,31,TYR,31.976109,0,nAH1.3
TYR,407,E,31,TYR,29.262438,0,nAH1.3
ILE,408,E,31,TYR,25.52499,0,nAH1.3
LEU,409,E,31,TYR,23.127134,0,nAH1.3
ARG,410,E,31,TYR,18.709446,0,nAH1.3
SER,411,E,31,TYR,16.508507,0,nAH1.3
GLY,412,E,31,TYR,14.014143,0,nAH1.3
LEU,413,E,31,TYR,9.1699095,0,nAH1.3
LEU,414,E,31,TYR,13.792804,0,nAH1.3
LYS,415,E,31,TYR,11.361885,0,nAH1.3
TYR,416,E,31,TYR,14.170126,0,nAH1.3
ASN,417,E,54,LYS,12.172412,0,nAH1.3
LEU,418,E,54,LYS,15.614889,0,nAH1.3
SER,419,E,54,LYS,12.605559,0,nAH1.3
ASP,420,E,54,LYS,15.634679,0,nAH1.3
GLY,421,E,54,LYS,17.743359,0,nAH1.3
GLU,422,E,54,LYS,21.28255,0,nAH1.3
ASN,423,E,54,LYS,22.731482,0,nAH1.3
PRO,424,E,54,LYS,19.28052,0,nAH1.3
LYS,425,E,54,LYS,17.411058,0,nAH1.3
VAL,426,E,31,TYR,18.309267,0,nAH1.3
VAL,427,E,31,TYR,15.05213,0,nAH1.3
PHE,428,E,31,TYR,15.757895,0,nAH1.3
ILE,429,E,31,TYR,10.946293,0,nAH1.3
GLU,430,E,31,TYR,13.932896,0,nAH1.3
ILE,431,E,31,TYR,13.787578,0,nAH1.3
SER,432,E,28,SER,14.202446,0,nAH1.3
ASP,433,E,26,GLY,16.55962,0,nAH1.3
GLN,434,E,26,GLY,10.976019,0,nAH1.3
ARG,435,E,1,GLU,13.730787,0,nAH1.3
LEU,436,E,1,GLU,18.171713,0,nAH1.3
SER,437,E,26,GLY,20.946043,0,nAH1.3
ILE,438,E,31,TYR,22.169323,0,nAH1.3
GLY,439,E,31,TYR,21.432571,0,nAH1.3
SER,440,E,31,TYR,19.58692,0,nAH1.3
PRO,441,E,31,TYR,19.200598,0,nAH1.3
SER,442,E,31,TYR,15.678837,0,nAH1.3
LYS,443,E,31,TYR,12.703722,0,nAH1.3
ILE,444,E,31,TYR,7.6720953,0,nAH1.3
TYR,445,E,31,TYR,8.776424,0,nAH1.3
ASP,446,E,31,TYR,7.9761524,0,nAH1.3
SER,447,E,32,TYR,6.2147183,0,nAH1.3
LEU,448,E,103,THR,4.054241,0,nAH1.3
GLY,449,E,31,TYR,3.4157894,1,nAH1.3
GLN,450,E,32,TYR,2.7665846,3,nAH1.3
PRO,451,E,31,TYR,3.5657992,1,nAH1.3
VAL,452,E,32,TYR,7.592138,0,nAH1.3
PHE,453,E,31,TYR,10.205003,0,nAH1.3
TYR,454,E,31,TYR,13.328593,0,nAH1.3
GLN,455,E,31,TYR,16.445412,0,nAH1.3
ALA,456,E,31,TYR,19.620274,0,nAH1.3
SER,457,E,1,GLU,22.664156,0,nAH1.3
PHE,458,E,31,TYR,24.981628,0,nAH1.3
SER,459,E,1,GLU,24.794857,0,nAH1.3
TRP,460,E,1,GLU,20.888065,0,nAH1.3
ASP,461,E,1,GLU,18.106533,0,nAH1.3
THR,462,E,1,GLU,21.376875,0,nAH1.3
MET,463,E,1,GLU,18.135897,0,nAH1.3
ILE,464,E,1,GLU,16.234629,0,nAH1.3
LYS,465,E,26,GLY,16.02227,0,nAH1.3
PHE,466,E,26,GLY,12.422665,0,nAH1.3
GLY,467,E,32,TYR,9.363782,0,nAH1.3
ASP,468,E,32,TYR,4.434563,0,nAH1.3
VAL,469,E,28,SER,4.007083,0,nAH1.3
LEU,470,E,28,SER,4.1589637,0,nAH1.3
THR,471,E,28,SER,5.9227962,0,nAH1.3
VAL,472,E,31,TYR,3.682988,1,nAH1.3
ASN,473,E,31,TYR,7.422799,0,nAH1.3
PRO,474,E,31,TYR,9.033876,0,nAH1.3
LEU,475,E,31,TYR,8.718294,0,nAH1.3
VAL,476,E,28,SER,7.9804726,0,nAH1.3
VAL,477,E,26,GLY,9.471611,0,nAH1.3
ASN,478,E,26,GLY,4.520705,0,nAH1.3
TRP,479,E,1,GLU,9.0952835,0,nAH1.3
ARG,480,E,108,TYR,7.133408,0,nAH1.3
ASN,481,E,1,GLU,8.022207,0,nAH1.3
ASN,482,E,1,GLU,12.946208,0,nAH1.3
THR,483,F,61,GLY,15.249054,0,nAH1.3
VAL,484,F,61,GLY,15.243756,0,nAH1.3
ILE,485,F,60,SER,17.470608,0,nAH1.3
SER,486,F,60,SER,21.246202,0,nAH1.3
ARG,487,E,1,GLU,24.560127,0,nAH1.3
PRO,488,F,60,SER,28.03729,0,nAH1.3
GLY,489,E,1,GLU,30.07231,0,nAH1.3
GLN,490,E,1,GLU,32.528873,0,nAH1.3
SER,491,E,1,GLU,34.368584,0,nAH1.3
GLN,492,E,1,GLU,30.794962,0,nAH1.3
CYS,493,E,1,GLU,28.518808,0,nAH1.3
PRO,494,E,1,GLU,27.020708,0,nAH1.3
ARG,495,F,61,GLY,23.310406,0,nAH1.3
PHE,496,F,61,GLY,22.066605,0,nAH1.3
ASN,497,E,1,GLU,22.83102,0,nAH1.3
THR,498,E,1,GLU,20.835445,0,nAH1.3
CYS,499,E,1,GLU,23.7585,0,nAH1.3
PRO,500,E,1,GLU,24.1412,0,nAH1.3
GLU,501,E,1,GLU,27.689722,0,nAH1.3
ILE,502,E,1,GLU,30.831797,0,nAH1.3
CYS,503,E,1,GLU,28.953829,0,nAH1.3
TRP,504,E,31,TYR,27.73973,0,nAH1.3
GLU,505,E,1,GLU,28.738625,0,nAH1.3
GLY,506,E,31,TYR,28.291471,0,nAH1.3
VAL,507,E,32,TYR,25.249083,0,nAH1.3
TYR,508,E,31,TYR,18.464823,0,nAH1.3
ASN,509,E,32,TYR,20.54626,0,nAH1.3
ASP,510,E,32,TYR,17.438622,0,nAH1.3
ALA,511,E,32,TYR,14.750204,0,nAH1.3
PHE,512,E,103,THR,11.286283,0,nAH1.3
LEU,513,E,32,TYR,7.069377,0,nAH1.3
ILE,514,E,103,THR,7.274764,0,nAH1.3
ASP,515,F,53,TYR,2.8094378,1,nAH1.3
ARG,516,E,32,TYR,3.0705454,2,nAH1.3
ILE,517,F,60,SER,3.4312341,3,nAH1.3
ASN,518,F,53,TYR,3.0107875,3,nAH1.3
TRP,519,E,32,TYR,6.4243445,0,nAH1.3
ILE,520,F,53,TYR,6.454601,0,nAH1.3
SER,521,F,53,TYR,10.496639,0,nAH1.3
ALA,522,F,53,TYR,13.20273,0,nAH1.3
GLY,523,F,53,TYR,16.50325,0,nAH1.3
VAL,524,F,53,TYR,20.154268,0,nAH1.3
PHE,525,F,53,TYR,18.629524,0,nAH1.3
LEU,526,F,53,TYR,25.144854,0,nAH1.3
ASP,527,F,58,GLN,25.18818,0,nAH1.3
SER,528,F,58,GLN,28.092865,0,nAH1.3
ASN,529,F,61,GLY,28.777178,0,nAH1.3
GLN,530,F,61,GLY,32.889706,0,nAH1.3
THR,531,F,53,TYR,32.459427,0,nAH1.3
ALA,532,F,53,TYR,32.311256,0,nAH1.3
GLU,533,F,53,TYR,29.443926,0,nAH1.3
ASN,534,F,57,ASN,26.942202,0,nAH1.3
PRO,535,F,57,ASN,25.07531,0,nAH1.3
VAL,536,F,53,TYR,21.428217,0,nAH1.3
PHE,537,F,57,ASN,15.756152,0,nAH1.3
THR,538,F,53,TYR,15.540778,0,nAH1.3
VAL,539,F,53,TYR,11.05132,0,nAH1.3
PHE,540,F,53,TYR,11.17828,0,nAH1.3
LYS,541,F,59,GLY,5.2776513,0,nAH1.3
ASP,542,F,60,SER,9.115289,0,nAH1.3
ASN,543,F,61,GLY,10.383301,0,nAH1.3
GLU,544,F,58,GLN,9.029764,0,nAH1.3
ILE,545,F,58,GLN,13.2811985,0,nAH1.3
LEU,546,F,58,GLN,8.759834,0,nAH1.3
TYR,547,F,57,ASN,8.895776,0,nAH1.3
ARG,548,F,58,GLN,16.471643,0,nAH1.3
ALA,549,F,57,ASN,18.843002,0,nAH1.3
GLN,550,F,57,ASN,22.185907,0,nAH1.3
LEU,551,F,57,ASN,22.435469,0,nAH1.3
ALA,552,F,57,ASN,27.061285,0,nAH1.3
SER,553,F,57,ASN,30.080153,0,nAH1.3
GLU,554,F,64,ALA,30.628359,0,nAH1.3
ASP,555,F,57,ASN,33.45876,0,nAH1.3
THR,556,F,57,ASN,32.230835,0,nAH1.3
ASN,557,F,57,ASN,33.216396,0,nAH1.3
ALA,558,F,53,TYR,30.37548,0,nAH1.3
GLN,559,E,32,TYR,28.135471,0,nAH1.3
LYS,560,E,31,TYR,24.148445,0,nAH1.3
THR,561,E,32,TYR,22.750977,0,nAH1.3
ILE,562,E,31,TYR,20.930508,0,nAH1.3
THR,563,E,103,THR,17.184893,0,nAH1.3
ASN,564,E,103,THR,15.726301,0,nAH1.3
CYS,565,E,103,THR,12.521521,0,nAH1.3
PHE,566,F,32,TYR,11.223998,0,nAH1.3
LEU,567,F,34,ILE,6.8090243,0,nAH1.3
LEU,568,F,32,TYR,8.315165,0,nAH1.3
LYS,569,F,32,TYR,5.7027435,0,nAH1.3
ASN,570,F,32,TYR,3.178441,1,nAH1.3
LYS,571,F,33,GLY,4.7269053,0,nAH1.3
ILE,572,F,34,ILE,8.083546,0,nAH1.3
TRP,573,F,32,TYR,11.632742,0,nAH1.3
CYS,574,F,57,ASN,14.5768385,0,nAH1.3
ILE,575,F,34,ILE,18.18199,0,nAH1.3
SER,576,E,103,THR,21.2783,0,nAH1.3
LEU,577,E,103,THR,23.586065,0,nAH1.3
VAL,578,F,57,ASN,25.486769,0,nAH1.3
GLU,579,E,103,THR,29.458601,0,nAH1.3
ILE,580,F,57,ASN,29.048525,0,nAH1.3
TYR,581,F,57,ASN,34.51011,0,nAH1.3
ASP,582,F,57,ASN,35.640762,0,nAH1.3
ASP,585,F,32,TYR,42.11949,0,nAH1.3
ASN,586,F,57,ASN,42.321384,0,nAH1.3
VAL,587,F,57,ASN,38.56321,0,nAH1.3
ILE,588,E,31,TYR,34.262653,0,nAH1.3
ARG,589,E,103,THR,33.217037,0,nAH1.3
PRO,590,E,103,THR,30.684797,0,nAH1.3
LYS,591,F,32,TYR,27.25987,0,nAH1.3
LEU,592,F,32,TYR,24.378984,0,nAH1.3
PHE,593,F,32,TYR,20.926952,0,nAH1.3
ALA,594,F,32,TYR,18.648254,0,nAH1.3
VAL,595,F,32,TYR,15.568739,0,nAH1.3
LYS,596,F,33,GLY,10.415637,0,nAH1.3
ILE,597,F,57,ASN,9.411534,0,nAH1.3
PRO,598,F,57,ASN,7.5475683,0,nAH1.3
GLU,599,F,56,SER,5.4018054,0,nAH1.3
GLN,600,F,56,SER,6.979991,0,nAH1.3
CYS,601,F,56,SER,9.270149,0,nAH1.3
TYR,602,F,67,SER,8.920323,0,nAH1.3
