AA Position,WT AA,WT Codon,*,A,C,D,E,F,G,H,I,K,L,M,N,P,Q,R,S,T,V,W,Y,expected variants included in QC (excluding WT & NA),qc_passed (excluding WT & NA),Site Pass (>= 75% Variants excluding WT & NA Pass)
39,Q,CAG,,PASS,PASS,PASS,PASS,PASS,PASS,PASS,PASS,PASS,PASS,PASS,PASS,PASS,,PASS,PASS,PASS,PASS,PASS,PASS,19,19,PASS
40,N,AAC,PASS,PASS,PASS,PASS,PASS,PASS,PASS,PASS,PASS,PASS,PASS,PASS,,PASS,PASS,PASS,PASS,PASS,PASS,PASS,PASS,20,20,PASS
41,Y,TAT,,PASS,PASS,PASS,PASS,PASS,PASS,PASS,PASS,PASS,PASS,PASS,PASS,PASS,PASS,PASS,PASS,PASS,PASS,PASS,,19,19,PASS
42,T,ACA,PASS,PASS,PASS,PASS,PASS,PASS,PASS,PASS,PASS,PASS,PASS,PASS,PASS,PASS,PASS,PASS,PASS,,PASS,PASS,PASS,20,20,PASS
43,R,CGC,,PASS,PASS,PASS,PASS,PASS,PASS,PASS,PASS,PASS,PASS,PASS,PASS,PASS,PASS,,PASS,PASS,PASS,PASS,PASS,19,19,PASS
44,S,AGC,PASS,PASS,PASS,PASS,PASS,PASS,PASS,PASS,PASS,PASS,PASS,PASS,PASS,PASS,PASS,PASS,,PASS,,PASS,PASS,19,19,PASS
45,T,ACT,,PASS,PASS,PASS,PASS,PASS,PASS,PASS,PASS,PASS,PASS,PASS,PASS,PASS,PASS,PASS,PASS,,PASS,PASS,PASS,19,19,PASS
46,D,GAC,PASS,PASS,PASS,,PASS,PASS,PASS,PASS,PASS,PASS,PASS,PASS,PASS,PASS,PASS,PASS,PASS,PASS,PASS,PASS,PASS,20,20,PASS
47,N,AAT,,PASS,PASS,PASS,PASS,PASS,PASS,PASS,PASS,PASS,PASS,PASS,,PASS,PASS,PASS,PASS,PASS,PASS,PASS,PASS,19,19,PASS
48,Q,CAA,PASS,PASS,PASS,PASS,PASS,PASS,PASS,PASS,PASS,PASS,PASS,PASS,PASS,PASS,,PASS,PASS,PASS,PASS,PASS,PASS,20,20,PASS
49,A,GCT,,,PASS,PASS,PASS,PASS,PASS,PASS,PASS,PASS,PASS,PASS,PASS,PASS,PASS,PASS,PASS,PASS,PASS,PASS,PASS,19,19,PASS
50,V,GTG,PASS,PASS,PASS,PASS,PASS,PASS,PASS,PASS,PASS,PASS,PASS,PASS,PASS,PASS,PASS,PASS,PASS,PASS,,PASS,PASS,20,20,PASS
51,I,ATT,,PASS,PASS,PASS,PASS,PASS,PASS,PASS,,PASS,PASS,PASS,PASS,PASS,PASS,PASS,PASS,PASS,PASS,PASS,PASS,19,19,PASS
52,K,AAG,PASS,PASS,PASS,PASS,PASS,PASS,PASS,PASS,PASS,,PASS,PASS,PASS,PASS,PASS,PASS,PASS,PASS,PASS,PASS,PASS,20,20,PASS
53,D,GAC,,PASS,PASS,,PASS,PASS,PASS,PASS,PASS,PASS,PASS,PASS,PASS,PASS,PASS,PASS,PASS,PASS,PASS,PASS,PASS,19,19,PASS
54,A,GCG,PASS,,PASS,PASS,PASS,PASS,PASS,PASS,PASS,PASS,PASS,PASS,PASS,PASS,PASS,PASS,PASS,PASS,PASS,PASS,PASS,20,20,PASS
55,L,CTG,,PASS,,PASS,PASS,,PASS,PASS,PASS,PASS,,PASS,PASS,PASS,PASS,PASS,PASS,PASS,PASS,,,15,15,PASS
56,Q,CAG,PASS,PASS,PASS,PASS,PASS,PASS,PASS,PASS,PASS,PASS,PASS,PASS,PASS,PASS,,PASS,PASS,PASS,PASS,PASS,PASS,20,20,PASS
57,G,GGC,,PASS,PASS,PASS,PASS,PASS,,PASS,PASS,PASS,PASS,PASS,PASS,PASS,PASS,PASS,PASS,PASS,PASS,PASS,PASS,19,19,PASS
58,I,ATT,PASS,PASS,PASS,PASS,PASS,PASS,PASS,PASS,,PASS,PASS,PASS,PASS,PASS,PASS,PASS,PASS,PASS,PASS,PASS,PASS,20,20,PASS
59,Q,CAG,,PASS,PASS,PASS,PASS,PASS,PASS,PASS,PASS,PASS,PASS,PASS,PASS,PASS,,PASS,PASS,PASS,PASS,PASS,PASS,19,19,PASS
60,Q,CAA,PASS,PASS,PASS,PASS,PASS,PASS,PASS,PASS,PASS,PASS,PASS,PASS,PASS,PASS,,PASS,PASS,PASS,PASS,PASS,PASS,20,20,PASS
61,Q,CAG,,PASS,PASS,PASS,PASS,PASS,PASS,PASS,PASS,PASS,PASS,PASS,PASS,PASS,,PASS,PASS,PASS,PASS,PASS,PASS,19,19,PASS
62,I,ATC,PASS,PASS,PASS,PASS,PASS,PASS,PASS,PASS,,PASS,PASS,PASS,PASS,PASS,PASS,PASS,PASS,PASS,PASS,PASS,PASS,20,20,PASS
63,K,AAG,,PASS,PASS,PASS,PASS,PASS,PASS,PASS,PASS,,PASS,PASS,PASS,PASS,PASS,PASS,PASS,PASS,PASS,PASS,PASS,19,19,PASS
64,G,GGG,PASS,PASS,PASS,PASS,PASS,PASS,,PASS,PASS,PASS,PASS,PASS,PASS,PASS,PASS,PASS,PASS,PASS,PASS,PASS,PASS,20,20,PASS
65,L,CTC,,PASS,PASS,PASS,PASS,PASS,PASS,PASS,PASS,PASS,,PASS,PASS,PASS,PASS,PASS,PASS,PASS,PASS,PASS,PASS,19,19,PASS
66,A,GCT,PASS,,PASS,PASS,PASS,PASS,PASS,PASS,PASS,PASS,PASS,PASS,PASS,PASS,PASS,PASS,PASS,PASS,PASS,PASS,PASS,20,20,PASS
67,D,GAC,,PASS,PASS,,PASS,PASS,PASS,PASS,PASS,PASS,PASS,PASS,PASS,PASS,PASS,PASS,PASS,PASS,PASS,PASS,PASS,19,19,PASS
68,K,AAG,PASS,PASS,PASS,PASS,PASS,PASS,PASS,PASS,PASS,,PASS,PASS,PASS,PASS,PASS,PASS,PASS,PASS,PASS,PASS,PASS,20,20,PASS
69,I,ATC,,PASS,PASS,PASS,PASS,PASS,PASS,PASS,,PASS,PASS,PASS,PASS,PASS,PASS,PASS,PASS,PASS,PASS,PASS,PASS,19,19,PASS
70,G,GGT,PASS,PASS,PASS,PASS,PASS,PASS,,PASS,PASS,PASS,PASS,PASS,PASS,PASS,PASS,PASS,PASS,PASS,PASS,PASS,PASS,20,20,PASS
71,T,ACC,,PASS,PASS,PASS,PASS,PASS,PASS,PASS,PASS,PASS,PASS,PASS,PASS,PASS,PASS,PASS,PASS,,PASS,PASS,PASS,19,19,PASS
72,E,GAG,PASS,PASS,PASS,PASS,,PASS,PASS,PASS,PASS,PASS,PASS,PASS,PASS,PASS,PASS,PASS,PASS,PASS,PASS,PASS,PASS,20,20,PASS
73,I,ATT,,PASS,PASS,PASS,PASS,PASS,PASS,PASS,,PASS,PASS,PASS,PASS,PASS,PASS,PASS,PASS,PASS,PASS,PASS,PASS,19,19,PASS
74,G,GGC,PASS,PASS,PASS,PASS,PASS,PASS,,PASS,PASS,PASS,PASS,PASS,PASS,PASS,PASS,PASS,PASS,PASS,PASS,PASS,PASS,20,20,PASS
75,P,CCT,,PASS,PASS,PASS,PASS,PASS,PASS,PASS,PASS,PASS,PASS,PASS,PASS,,PASS,PASS,PASS,PASS,PASS,PASS,PASS,19,19,PASS
76,K,AAG,PASS,PASS,PASS,PASS,PASS,PASS,PASS,PASS,PASS,,PASS,PASS,PASS,PASS,PASS,PASS,PASS,PASS,PASS,PASS,PASS,20,20,PASS
77,V,GTG,,PASS,PASS,PASS,PASS,PASS,PASS,PASS,PASS,PASS,PASS,PASS,PASS,PASS,PASS,PASS,PASS,PASS,,PASS,PASS,19,19,PASS
78,S,AGC,PASS,PASS,PASS,PASS,FAIL,PASS,PASS,PASS,PASS,PASS,PASS,PASS,PASS,PASS,PASS,PASS,,PASS,PASS,PASS,PASS,20,19,PASS
79,L,CTG,,PASS,PASS,PASS,PASS,PASS,PASS,PASS,PASS,PASS,,PASS,PASS,PASS,PASS,PASS,PASS,PASS,PASS,PASS,PASS,19,19,PASS
80,I,ATC,PASS,PASS,PASS,PASS,PASS,PASS,PASS,PASS,,PASS,PASS,PASS,PASS,PASS,PASS,PASS,PASS,PASS,PASS,PASS,PASS,20,20,PASS
81,D,GAC,,PASS,PASS,,PASS,PASS,PASS,PASS,PASS,PASS,PASS,PASS,PASS,PASS,PASS,PASS,PASS,PASS,PASS,PASS,PASS,19,19,PASS
82,T,ACC,PASS,PASS,PASS,PASS,PASS,PASS,PASS,PASS,PASS,PASS,PASS,PASS,PASS,PASS,PASS,PASS,PASS,,PASS,PASS,PASS,20,20,PASS
83,S,AGC,,PASS,PASS,PASS,PASS,PASS,PASS,PASS,PASS,PASS,PASS,PASS,PASS,PASS,PASS,PASS,,PASS,PASS,PASS,PASS,19,19,PASS
84,S,TCC,PASS,PASS,PASS,PASS,PASS,PASS,PASS,PASS,PASS,PASS,PASS,PASS,PASS,PASS,PASS,PASS,,PASS,PASS,PASS,PASS,20,20,PASS
85,T,ACC,,PASS,PASS,PASS,PASS,PASS,PASS,PASS,PASS,PASS,PASS,PASS,PASS,PASS,PASS,PASS,PASS,,PASS,PASS,PASS,19,19,PASS
86,I,ATT,PASS,PASS,PASS,PASS,PASS,PASS,PASS,PASS,,PASS,PASS,PASS,PASS,PASS,PASS,PASS,PASS,PASS,PASS,PASS,PASS,20,20,PASS
87,T,ACC,,PASS,PASS,PASS,PASS,PASS,PASS,PASS,PASS,PASS,PASS,PASS,PASS,PASS,PASS,PASS,PASS,,PASS,PASS,PASS,19,19,PASS
88,I,ATC,PASS,PASS,PASS,PASS,PASS,PASS,PASS,PASS,,PASS,PASS,PASS,PASS,PASS,PASS,PASS,PASS,PASS,PASS,PASS,PASS,20,20,PASS
89,P,CCC,,PASS,PASS,PASS,PASS,PASS,PASS,PASS,PASS,PASS,PASS,PASS,PASS,,PASS,PASS,PASS,PASS,PASS,PASS,PASS,19,19,PASS
90,A,GCA,PASS,,PASS,PASS,PASS,PASS,PASS,PASS,PASS,PASS,PASS,PASS,PASS,PASS,PASS,PASS,PASS,PASS,PASS,PASS,PASS,20,20,PASS
91,N,AAC,,PASS,PASS,PASS,PASS,PASS,PASS,PASS,PASS,PASS,PASS,PASS,,PASS,PASS,PASS,PASS,PASS,PASS,PASS,PASS,19,19,PASS
92,I,ATC,PASS,PASS,PASS,PASS,PASS,PASS,PASS,PASS,,PASS,PASS,PASS,PASS,PASS,PASS,PASS,PASS,PASS,PASS,PASS,PASS,20,20,PASS
93,G,GGC,,PASS,PASS,PASS,PASS,PASS,,PASS,PASS,PASS,PASS,PASS,PASS,PASS,PASS,PASS,PASS,PASS,PASS,PASS,PASS,19,19,PASS
94,L,CTC,PASS,PASS,PASS,PASS,PASS,PASS,PASS,PASS,PASS,PASS,,PASS,PASS,PASS,PASS,PASS,PASS,PASS,PASS,PASS,PASS,20,20,PASS
95,L,CTG,,PASS,PASS,PASS,PASS,PASS,PASS,PASS,PASS,PASS,,PASS,PASS,PASS,PASS,PASS,PASS,PASS,PASS,PASS,PASS,19,19,PASS
96,G,GGA,PASS,PASS,PASS,PASS,PASS,PASS,,PASS,PASS,PASS,PASS,PASS,PASS,PASS,PASS,PASS,PASS,PASS,PASS,PASS,PASS,20,20,PASS
97,S,TCC,,PASS,PASS,PASS,PASS,PASS,PASS,PASS,PASS,PASS,PASS,PASS,PASS,PASS,PASS,PASS,,PASS,PASS,PASS,PASS,19,19,PASS
98,K,AAG,PASS,PASS,PASS,PASS,PASS,PASS,PASS,PASS,PASS,,PASS,PASS,PASS,PASS,PASS,PASS,PASS,PASS,PASS,PASS,PASS,20,20,PASS
99,I,ATT,,PASS,PASS,PASS,PASS,PASS,PASS,PASS,,PASS,PASS,PASS,PASS,PASS,PASS,PASS,PASS,PASS,PASS,PASS,PASS,19,19,PASS
100,S,AGT,PASS,PASS,PASS,PASS,PASS,PASS,PASS,PASS,PASS,PASS,PASS,PASS,PASS,PASS,PASS,PASS,,PASS,PASS,PASS,PASS,20,20,PASS
101,Q,CAG,,PASS,PASS,PASS,PASS,PASS,PASS,PASS,PASS,PASS,PASS,PASS,PASS,PASS,,PASS,PASS,PASS,PASS,PASS,PASS,19,19,PASS
102,S,TCT,PASS,PASS,PASS,PASS,PASS,PASS,PASS,PASS,PASS,PASS,PASS,PASS,PASS,PASS,PASS,PASS,,PASS,PASS,PASS,PASS,20,20,PASS
103,T,ACC,,PASS,PASS,PASS,PASS,PASS,PASS,PASS,PASS,PASS,PASS,PASS,PASS,PASS,PASS,PASS,PASS,,PASS,PASS,PASS,19,19,PASS
104,A,GCC,PASS,,PASS,PASS,PASS,PASS,PASS,PASS,PASS,PASS,PASS,PASS,PASS,PASS,PASS,PASS,PASS,PASS,PASS,PASS,PASS,20,20,PASS
105,S,TCC,,PASS,PASS,PASS,PASS,PASS,PASS,PASS,PASS,PASS,PASS,PASS,PASS,PASS,PASS,PASS,,PASS,PASS,PASS,PASS,19,19,PASS
106,I,ATC,PASS,PASS,PASS,PASS,PASS,PASS,PASS,PASS,,PASS,PASS,PASS,PASS,PASS,PASS,PASS,PASS,PASS,PASS,PASS,PASS,20,20,PASS
107,N,AAC,,PASS,PASS,PASS,PASS,PASS,PASS,PASS,PASS,PASS,PASS,PASS,,PASS,PASS,PASS,PASS,PASS,PASS,PASS,PASS,19,19,PASS
108,E,GAG,PASS,PASS,PASS,PASS,,PASS,PASS,PASS,PASS,PASS,PASS,PASS,PASS,PASS,PASS,PASS,PASS,PASS,PASS,PASS,PASS,20,20,PASS
109,N,AAC,,PASS,PASS,PASS,PASS,PASS,PASS,PASS,PASS,PASS,PASS,PASS,,PASS,PASS,PASS,PASS,PASS,PASS,PASS,PASS,19,19,PASS
110,V,GTG,PASS,PASS,PASS,PASS,PASS,PASS,PASS,PASS,PASS,PASS,PASS,PASS,PASS,PASS,PASS,PASS,PASS,PASS,,PASS,PASS,20,20,PASS
111,N,AAC,,PASS,PASS,PASS,PASS,PASS,PASS,PASS,PASS,PASS,PASS,FAIL,,PASS,PASS,PASS,PASS,PASS,PASS,PASS,PASS,19,18,PASS
112,E,GAG,PASS,PASS,PASS,PASS,,PASS,PASS,PASS,PASS,PASS,PASS,PASS,PASS,PASS,PASS,PASS,PASS,PASS,PASS,PASS,PASS,20,20,PASS
113,K,AAG,,PASS,PASS,PASS,PASS,PASS,PASS,PASS,PASS,,PASS,PASS,PASS,PASS,PASS,PASS,PASS,PASS,PASS,PASS,PASS,19,19,PASS
114,C,TGC,PASS,PASS,,PASS,PASS,PASS,PASS,PASS,PASS,PASS,PASS,PASS,PASS,PASS,PASS,PASS,PASS,PASS,PASS,PASS,PASS,20,20,PASS
115,K,AAG,,PASS,PASS,PASS,PASS,PASS,PASS,PASS,PASS,,PASS,PASS,PASS,PASS,PASS,PASS,PASS,PASS,PASS,PASS,PASS,19,19,PASS
116,F,TTT,PASS,PASS,PASS,PASS,PASS,,PASS,PASS,PASS,PASS,PASS,PASS,PASS,PASS,PASS,PASS,PASS,PASS,PASS,PASS,PASS,20,20,PASS
117,T,ACC,,PASS,PASS,PASS,PASS,PASS,PASS,PASS,PASS,PASS,PASS,PASS,PASS,PASS,PASS,PASS,PASS,,PASS,PASS,PASS,19,19,PASS
118,L,TTG,PASS,PASS,PASS,PASS,PASS,PASS,PASS,PASS,PASS,PASS,,PASS,PASS,PASS,PASS,PASS,PASS,PASS,PASS,PASS,PASS,20,20,PASS
119,P,CCG,,PASS,PASS,PASS,PASS,PASS,PASS,PASS,PASS,PASS,PASS,PASS,PASS,,PASS,PASS,PASS,PASS,PASS,PASS,PASS,19,19,PASS
120,P,CCT,PASS,PASS,PASS,PASS,PASS,PASS,PASS,PASS,PASS,PASS,PASS,PASS,PASS,,PASS,PASS,PASS,PASS,PASS,PASS,PASS,20,20,PASS
121,L,CTG,,PASS,PASS,PASS,PASS,PASS,PASS,PASS,PASS,PASS,,PASS,PASS,PASS,PASS,PASS,PASS,PASS,PASS,PASS,PASS,19,19,PASS
122,K,AAG,PASS,PASS,PASS,PASS,PASS,PASS,PASS,PASS,PASS,,PASS,PASS,PASS,PASS,PASS,PASS,PASS,PASS,PASS,PASS,PASS,20,20,PASS
123,I,ATC,,PASS,PASS,PASS,PASS,PASS,PASS,PASS,,PASS,PASS,PASS,PASS,PASS,PASS,PASS,PASS,PASS,PASS,PASS,PASS,19,19,PASS
124,H,CAC,PASS,PASS,PASS,PASS,PASS,PASS,PASS,,PASS,PASS,PASS,PASS,PASS,PASS,PASS,PASS,PASS,PASS,PASS,PASS,PASS,20,20,PASS
125,E,GAA,,PASS,PASS,PASS,,PASS,PASS,PASS,PASS,PASS,PASS,PASS,PASS,PASS,PASS,PASS,PASS,PASS,PASS,PASS,PASS,19,19,PASS
126,C,TGT,PASS,PASS,,PASS,PASS,PASS,PASS,PASS,PASS,PASS,PASS,PASS,PASS,PASS,PASS,PASS,PASS,PASS,PASS,PASS,PASS,20,20,PASS
127,N,AAC,,PASS,PASS,PASS,PASS,PASS,PASS,PASS,PASS,PASS,PASS,PASS,,PASS,PASS,PASS,PASS,PASS,PASS,PASS,PASS,19,19,PASS
128,I,ATC,PASS,PASS,PASS,PASS,PASS,PASS,PASS,PASS,,PASS,PASS,PASS,PASS,PASS,PASS,PASS,PASS,PASS,PASS,PASS,PASS,20,20,PASS
129,S,AGT,,PASS,PASS,PASS,PASS,PASS,PASS,PASS,PASS,PASS,PASS,PASS,PASS,PASS,PASS,PASS,,PASS,PASS,PASS,PASS,19,19,PASS
130,C,TGC,PASS,PASS,,PASS,PASS,PASS,PASS,PASS,PASS,PASS,PASS,PASS,PASS,PASS,PASS,PASS,PASS,PASS,PASS,PASS,PASS,20,20,PASS
131,P,CCT,,PASS,PASS,PASS,PASS,PASS,PASS,PASS,PASS,PASS,PASS,PASS,PASS,,PASS,PASS,PASS,PASS,PASS,PASS,PASS,19,19,PASS
132,N,AAT,PASS,PASS,PASS,PASS,PASS,PASS,PASS,PASS,PASS,PASS,PASS,PASS,,PASS,PASS,PASS,PASS,PASS,PASS,PASS,PASS,20,20,PASS
133,P,CCG,,PASS,PASS,PASS,PASS,PASS,PASS,PASS,PASS,PASS,PASS,PASS,PASS,,PASS,PASS,PASS,PASS,PASS,PASS,PASS,19,19,PASS
134,L,CTG,PASS,PASS,PASS,PASS,PASS,PASS,PASS,PASS,PASS,PASS,,PASS,PASS,PASS,PASS,PASS,PASS,PASS,PASS,PASS,PASS,20,20,PASS
135,P,CCT,,PASS,PASS,PASS,PASS,PASS,PASS,PASS,PASS,PASS,PASS,PASS,PASS,,PASS,PASS,PASS,PASS,PASS,PASS,PASS,19,19,PASS
136,F,TTC,PASS,PASS,PASS,PASS,PASS,,PASS,PASS,PASS,PASS,PASS,PASS,PASS,PASS,PASS,PASS,PASS,PASS,PASS,PASS,PASS,20,20,PASS
137,R,CGC,,PASS,PASS,PASS,PASS,PASS,PASS,PASS,PASS,PASS,PASS,PASS,PASS,PASS,PASS,,PASS,PASS,PASS,PASS,PASS,19,19,PASS
138,E,GAA,PASS,PASS,PASS,PASS,,PASS,PASS,PASS,PASS,PASS,PASS,PASS,PASS,PASS,PASS,PASS,PASS,PASS,PASS,PASS,PASS,20,20,PASS
139,Y,TAC,,PASS,PASS,PASS,PASS,PASS,PASS,PASS,PASS,PASS,PASS,PASS,PASS,PASS,PASS,PASS,PASS,PASS,PASS,PASS,,19,19,PASS
140,R,CGT,PASS,PASS,PASS,PASS,PASS,PASS,PASS,PASS,PASS,PASS,PASS,PASS,PASS,PASS,PASS,,PASS,PASS,PASS,PASS,PASS,20,20,PASS
141,P,CCC,,PASS,PASS,PASS,PASS,PASS,PASS,PASS,PASS,PASS,PASS,PASS,PASS,,PASS,PASS,PASS,PASS,PASS,PASS,PASS,19,19,PASS
142,Q,CAG,PASS,PASS,PASS,PASS,PASS,PASS,PASS,PASS,PASS,PASS,PASS,PASS,PASS,PASS,,PASS,PASS,PASS,PASS,PASS,PASS,20,20,PASS
143,T,ACA,,PASS,PASS,PASS,PASS,PASS,PASS,PASS,PASS,PASS,PASS,PASS,PASS,PASS,PASS,PASS,PASS,,PASS,PASS,PASS,19,19,PASS
144,E,GAG,PASS,PASS,PASS,PASS,,PASS,PASS,PASS,PASS,PASS,PASS,PASS,PASS,PASS,PASS,PASS,PASS,PASS,PASS,PASS,PASS,20,20,PASS
145,G,GGA,,PASS,PASS,PASS,PASS,PASS,,PASS,PASS,PASS,PASS,PASS,PASS,PASS,PASS,PASS,PASS,PASS,PASS,PASS,PASS,19,19,PASS
146,V,GTG,PASS,PASS,PASS,PASS,PASS,PASS,PASS,PASS,PASS,PASS,PASS,PASS,PASS,PASS,PASS,PASS,PASS,PASS,,PASS,PASS,20,20,PASS
147,S,TCT,,PASS,PASS,PASS,PASS,PASS,PASS,PASS,PASS,PASS,PASS,PASS,PASS,PASS,PASS,PASS,,PASS,PASS,PASS,PASS,19,19,PASS
148,N,AAC,PASS,PASS,PASS,PASS,PASS,PASS,PASS,PASS,PASS,PASS,PASS,PASS,,PASS,PASS,PASS,PASS,PASS,PASS,PASS,PASS,20,20,PASS
149,L,CTG,,PASS,PASS,PASS,PASS,PASS,PASS,PASS,PASS,PASS,,PASS,PASS,PASS,PASS,PASS,PASS,PASS,PASS,PASS,PASS,19,19,PASS
150,V,GTG,PASS,PASS,PASS,PASS,PASS,PASS,PASS,PASS,PASS,PASS,PASS,PASS,PASS,PASS,PASS,PASS,PASS,PASS,,PASS,PASS,20,20,PASS
151,G,GGC,,PASS,PASS,PASS,PASS,PASS,,PASS,PASS,PASS,PASS,PASS,PASS,PASS,PASS,PASS,PASS,PASS,PASS,PASS,PASS,19,19,PASS
152,L,CTG,PASS,PASS,PASS,PASS,PASS,PASS,PASS,PASS,PASS,PASS,,PASS,PASS,PASS,PASS,PASS,PASS,PASS,PASS,PASS,PASS,20,20,PASS
153,P,CCA,,PASS,PASS,PASS,PASS,PASS,PASS,PASS,PASS,PASS,PASS,PASS,PASS,,PASS,PASS,PASS,PASS,PASS,PASS,PASS,19,19,PASS
154,N,AAT,PASS,PASS,PASS,PASS,PASS,PASS,PASS,PASS,PASS,PASS,PASS,PASS,,PASS,PASS,PASS,PASS,PASS,PASS,PASS,PASS,20,20,PASS
155,N,AAC,,PASS,PASS,PASS,PASS,PASS,PASS,PASS,PASS,PASS,PASS,PASS,,PASS,PASS,PASS,PASS,PASS,PASS,PASS,PASS,19,19,PASS
156,I,ATC,PASS,PASS,PASS,PASS,PASS,PASS,PASS,PASS,,PASS,PASS,PASS,PASS,PASS,PASS,PASS,PASS,PASS,PASS,PASS,PASS,20,20,PASS
157,C,TGT,,PASS,,PASS,PASS,PASS,PASS,PASS,PASS,PASS,PASS,PASS,PASS,PASS,PASS,PASS,PASS,PASS,PASS,PASS,PASS,19,19,PASS
158,L,CTG,PASS,PASS,PASS,PASS,PASS,PASS,PASS,PASS,PASS,PASS,,PASS,PASS,PASS,PASS,PASS,PASS,PASS,PASS,PASS,PASS,20,20,PASS
159,Q,CAG,,PASS,PASS,PASS,PASS,PASS,PASS,PASS,PASS,PASS,PASS,PASS,PASS,PASS,,PASS,PASS,PASS,PASS,PASS,PASS,19,19,PASS
160,K,AAG,PASS,PASS,PASS,PASS,PASS,PASS,PASS,PASS,PASS,,PASS,PASS,PASS,PASS,PASS,PASS,PASS,PASS,PASS,PASS,PASS,20,20,PASS
161,T,ACT,,PASS,PASS,PASS,PASS,PASS,PASS,PASS,PASS,PASS,PASS,PASS,PASS,PASS,PASS,PASS,PASS,,PASS,PASS,PASS,19,19,PASS
162,S,TCC,PASS,PASS,PASS,PASS,PASS,PASS,PASS,PASS,PASS,PASS,PASS,PASS,PASS,PASS,PASS,PASS,,PASS,PASS,PASS,PASS,20,20,PASS
163,N,AAC,,PASS,PASS,PASS,PASS,PASS,PASS,PASS,PASS,PASS,PASS,PASS,,PASS,PASS,PASS,PASS,PASS,PASS,PASS,PASS,19,19,PASS
164,Q,CAG,PASS,PASS,PASS,PASS,PASS,PASS,PASS,PASS,PASS,PASS,PASS,PASS,PASS,PASS,,PASS,PASS,PASS,PASS,PASS,PASS,20,20,PASS
165,I,ATC,,PASS,PASS,PASS,PASS,PASS,PASS,PASS,,PASS,PASS,PASS,PASS,PASS,PASS,PASS,PASS,PASS,PASS,PASS,PASS,19,19,PASS
166,L,CTG,PASS,PASS,PASS,PASS,PASS,PASS,PASS,PASS,PASS,PASS,,PASS,PASS,PASS,PASS,PASS,PASS,PASS,PASS,PASS,PASS,20,20,PASS
167,K,AAG,,PASS,PASS,PASS,PASS,PASS,PASS,PASS,PASS,,PASS,PASS,PASS,PASS,PASS,PASS,PASS,PASS,PASS,PASS,PASS,19,19,PASS
168,P,CCC,PASS,PASS,PASS,PASS,PASS,PASS,PASS,PASS,PASS,PASS,PASS,PASS,PASS,,PASS,PASS,PASS,PASS,PASS,PASS,PASS,20,20,PASS
169,K,AAG,,PASS,PASS,PASS,PASS,PASS,PASS,PASS,PASS,,PASS,PASS,PASS,PASS,PASS,PASS,PASS,PASS,PASS,PASS,PASS,19,19,PASS
170,L,CTG,PASS,PASS,PASS,PASS,PASS,PASS,PASS,PASS,PASS,PASS,,PASS,PASS,PASS,PASS,PASS,PASS,PASS,PASS,PASS,PASS,20,20,PASS
171,I,ATC,,PASS,PASS,PASS,PASS,PASS,PASS,PASS,,PASS,PASS,PASS,PASS,PASS,PASS,PASS,PASS,PASS,PASS,PASS,PASS,19,19,PASS
172,S,TCC,PASS,PASS,PASS,PASS,PASS,PASS,PASS,PASS,PASS,PASS,PASS,PASS,PASS,PASS,PASS,PASS,,PASS,PASS,PASS,PASS,20,20,PASS
173,Y,TAC,,PASS,PASS,PASS,PASS,PASS,PASS,PASS,PASS,PASS,PASS,PASS,PASS,PASS,PASS,PASS,PASS,PASS,PASS,PASS,,19,19,PASS
174,T,ACC,PASS,PASS,PASS,PASS,PASS,PASS,PASS,PASS,PASS,PASS,PASS,PASS,PASS,PASS,PASS,PASS,PASS,,PASS,PASS,PASS,20,20,PASS
175,L,CTG,,PASS,PASS,PASS,PASS,PASS,PASS,PASS,PASS,PASS,,PASS,PASS,PASS,PASS,PASS,PASS,PASS,PASS,PASS,PASS,19,19,PASS
176,P,CCC,PASS,PASS,PASS,PASS,PASS,PASS,PASS,PASS,PASS,PASS,PASS,PASS,PASS,,PASS,PASS,PASS,PASS,PASS,PASS,PASS,20,20,PASS
177,V,GTG,,PASS,PASS,PASS,PASS,PASS,PASS,PASS,PASS,PASS,PASS,PASS,PASS,PASS,PASS,PASS,PASS,PASS,,PASS,PASS,19,19,PASS
178,V,GTC,PASS,PASS,PASS,PASS,PASS,PASS,PASS,PASS,PASS,PASS,PASS,PASS,PASS,PASS,PASS,PASS,PASS,PASS,,PASS,PASS,20,20,PASS
179,G,GGT,,PASS,PASS,PASS,PASS,PASS,,PASS,PASS,PASS,PASS,PASS,PASS,PASS,PASS,PASS,PASS,PASS,PASS,PASS,PASS,19,19,PASS
180,Q,CAG,PASS,PASS,PASS,PASS,PASS,PASS,PASS,PASS,PASS,PASS,PASS,PASS,PASS,PASS,,PASS,PASS,PASS,PASS,PASS,PASS,20,20,PASS
181,S,TCT,,PASS,PASS,PASS,PASS,PASS,PASS,PASS,PASS,PASS,PASS,PASS,PASS,PASS,PASS,PASS,,PASS,PASS,PASS,PASS,19,19,PASS
182,G,GGA,PASS,PASS,PASS,PASS,PASS,PASS,,PASS,PASS,PASS,PASS,PASS,PASS,PASS,PASS,PASS,PASS,PASS,PASS,PASS,PASS,20,20,PASS
183,T,ACC,,PASS,PASS,PASS,PASS,PASS,PASS,PASS,PASS,PASS,PASS,PASS,PASS,PASS,PASS,PASS,PASS,,PASS,PASS,PASS,19,19,PASS
184,C,TGT,PASS,PASS,,PASS,PASS,PASS,PASS,PASS,PASS,PASS,PASS,PASS,PASS,PASS,PASS,PASS,PASS,PASS,PASS,PASS,PASS,20,20,PASS
185,I,ATC,,PASS,PASS,PASS,PASS,PASS,PASS,PASS,,PASS,PASS,PASS,PASS,PASS,FAIL,PASS,PASS,PASS,PASS,PASS,PASS,19,18,PASS
186,T,ACT,PASS,PASS,PASS,PASS,PASS,PASS,PASS,PASS,PASS,PASS,PASS,PASS,PASS,PASS,PASS,PASS,PASS,,PASS,PASS,PASS,20,20,PASS
187,D,GAC,,PASS,PASS,,PASS,PASS,PASS,PASS,PASS,PASS,PASS,PASS,PASS,PASS,PASS,PASS,PASS,PASS,PASS,PASS,PASS,19,19,PASS
188,P,CCC,PASS,PASS,PASS,PASS,PASS,PASS,PASS,PASS,PASS,PASS,PASS,PASS,PASS,,PASS,PASS,PASS,PASS,PASS,PASS,PASS,20,20,PASS
189,L,TTG,,PASS,PASS,PASS,PASS,PASS,PASS,PASS,PASS,PASS,,PASS,PASS,PASS,PASS,PASS,PASS,PASS,PASS,PASS,PASS,19,19,PASS
190,L,CTG,PASS,PASS,PASS,PASS,PASS,PASS,PASS,PASS,PASS,PASS,,PASS,PASS,PASS,PASS,PASS,PASS,PASS,PASS,PASS,PASS,20,20,PASS
191,A,GCC,,,PASS,PASS,PASS,PASS,PASS,PASS,PASS,PASS,PASS,PASS,PASS,PASS,PASS,PASS,PASS,PASS,PASS,PASS,PASS,19,19,PASS
192,M,ATG,PASS,PASS,PASS,PASS,PASS,PASS,PASS,PASS,PASS,PASS,PASS,,PASS,PASS,PASS,PASS,PASS,PASS,PASS,PASS,PASS,20,20,PASS
193,D,GAC,,PASS,PASS,,PASS,PASS,PASS,PASS,PASS,PASS,PASS,PASS,PASS,PASS,PASS,PASS,PASS,PASS,PASS,PASS,PASS,19,19,PASS
194,E,GAA,PASS,PASS,PASS,PASS,,PASS,PASS,PASS,PASS,PASS,PASS,PASS,PASS,PASS,PASS,PASS,PASS,PASS,PASS,PASS,PASS,20,20,PASS
195,G,GGT,,PASS,PASS,PASS,PASS,PASS,,PASS,PASS,PASS,PASS,PASS,PASS,PASS,PASS,PASS,PASS,PASS,PASS,PASS,PASS,19,19,PASS
196,Y,TAC,PASS,PASS,PASS,PASS,PASS,PASS,PASS,PASS,PASS,PASS,PASS,PASS,PASS,PASS,PASS,PASS,PASS,PASS,PASS,PASS,,20,20,PASS
197,F,TTT,,PASS,PASS,PASS,PASS,,PASS,PASS,PASS,PASS,PASS,PASS,PASS,PASS,PASS,PASS,PASS,PASS,PASS,PASS,PASS,19,19,PASS
198,A,GCA,PASS,,PASS,PASS,PASS,PASS,PASS,PASS,PASS,PASS,PASS,PASS,PASS,PASS,PASS,PASS,PASS,PASS,PASS,PASS,PASS,20,20,PASS
199,Y,TAC,,PASS,PASS,PASS,PASS,PASS,PASS,PASS,PASS,PASS,PASS,PASS,PASS,PASS,PASS,PASS,PASS,PASS,PASS,PASS,,19,19,PASS
200,S,TCT,PASS,PASS,PASS,PASS,PASS,PASS,PASS,PASS,PASS,PASS,PASS,PASS,PASS,PASS,PASS,PASS,,PASS,PASS,PASS,PASS,20,20,PASS
201,H,CAT,,PASS,PASS,PASS,PASS,PASS,PASS,,PASS,PASS,PASS,PASS,PASS,PASS,PASS,PASS,PASS,PASS,PASS,PASS,PASS,19,19,PASS
202,L,CTG,PASS,PASS,PASS,PASS,PASS,PASS,PASS,PASS,PASS,PASS,,PASS,PASS,PASS,PASS,PASS,PASS,PASS,PASS,PASS,PASS,20,20,PASS
203,E,GAG,,PASS,PASS,PASS,,PASS,PASS,PASS,PASS,PASS,PASS,PASS,PASS,PASS,PASS,PASS,PASS,PASS,PASS,PASS,PASS,19,19,PASS
204,R,CGC,,PASS,PASS,PASS,PASS,PASS,PASS,PASS,PASS,PASS,PASS,PASS,PASS,PASS,PASS,,PASS,PASS,PASS,PASS,PASS,19,19,PASS
205,I,ATC,,PASS,PASS,PASS,PASS,PASS,PASS,FAIL,,PASS,PASS,PASS,PASS,PASS,PASS,PASS,PASS,PASS,PASS,PASS,PASS,19,18,PASS
206,G,GGC,,PASS,PASS,PASS,PASS,PASS,,PASS,PASS,PASS,PASS,PASS,PASS,PASS,PASS,PASS,PASS,PASS,PASS,PASS,PASS,19,19,PASS
207,S,TCC,,PASS,PASS,PASS,PASS,PASS,PASS,PASS,PASS,PASS,PASS,PASS,PASS,PASS,PASS,PASS,,PASS,PASS,PASS,PASS,19,19,PASS
208,C,TGT,,PASS,,PASS,PASS,PASS,PASS,PASS,PASS,PASS,PASS,PASS,PASS,PASS,PASS,PASS,PASS,PASS,PASS,PASS,PASS,19,19,PASS
209,S,AGC,,PASS,PASS,PASS,PASS,PASS,PASS,PASS,PASS,PASS,PASS,PASS,PASS,PASS,PASS,PASS,,PASS,PASS,PASS,PASS,19,19,PASS
210,R,CGT,,PASS,PASS,PASS,PASS,PASS,PASS,PASS,PASS,PASS,PASS,PASS,PASS,PASS,PASS,,PASS,PASS,PASS,PASS,PASS,19,19,PASS
211,G,GGG,,PASS,PASS,PASS,PASS,PASS,,PASS,PASS,PASS,PASS,PASS,PASS,PASS,PASS,PASS,PASS,PASS,PASS,PASS,PASS,19,19,PASS
212,V,GTT,,PASS,PASS,PASS,PASS,PASS,PASS,PASS,PASS,PASS,PASS,PASS,PASS,PASS,PASS,PASS,PASS,PASS,,PASS,PASS,19,19,PASS
213,S,TCC,,PASS,PASS,PASS,PASS,PASS,PASS,PASS,PASS,PASS,PASS,PASS,PASS,PASS,PASS,PASS,,PASS,PASS,PASS,PASS,19,19,PASS
214,K,AAA,,PASS,PASS,PASS,PASS,PASS,PASS,PASS,PASS,,PASS,PASS,PASS,PASS,PASS,PASS,PASS,PASS,PASS,PASS,PASS,19,19,PASS
215,Q,CAA,,PASS,PASS,PASS,PASS,PASS,PASS,PASS,PASS,PASS,PASS,PASS,PASS,PASS,,PASS,PASS,PASS,PASS,PASS,PASS,19,19,PASS
216,R,CGC,,PASS,PASS,PASS,PASS,PASS,PASS,PASS,PASS,PASS,PASS,PASS,PASS,PASS,PASS,,PASS,PASS,PASS,PASS,PASS,19,19,PASS
217,I,ATC,,PASS,PASS,PASS,PASS,PASS,PASS,PASS,,PASS,PASS,PASS,PASS,PASS,PASS,PASS,PASS,PASS,,PASS,PASS,18,18,PASS
218,I,ATT,,PASS,PASS,PASS,PASS,PASS,PASS,PASS,,PASS,PASS,PASS,PASS,PASS,PASS,PASS,PASS,PASS,PASS,PASS,PASS,19,19,PASS
219,G,GGC,,PASS,PASS,PASS,PASS,PASS,,PASS,PASS,PASS,PASS,PASS,PASS,PASS,PASS,PASS,PASS,PASS,PASS,PASS,PASS,19,19,PASS
220,V,GTA,,PASS,PASS,PASS,PASS,PASS,PASS,PASS,PASS,PASS,PASS,PASS,PASS,PASS,PASS,PASS,PASS,PASS,,PASS,PASS,19,19,PASS
221,G,GGC,,PASS,PASS,PASS,PASS,PASS,,PASS,PASS,PASS,PASS,PASS,PASS,PASS,PASS,PASS,PASS,PASS,PASS,PASS,PASS,19,19,PASS
222,E,GAG,,PASS,PASS,PASS,,PASS,PASS,PASS,PASS,PASS,PASS,PASS,PASS,PASS,PASS,PASS,PASS,PASS,PASS,PASS,PASS,19,19,PASS
223,V,GTG,,PASS,PASS,PASS,PASS,PASS,PASS,PASS,PASS,PASS,PASS,PASS,PASS,PASS,PASS,PASS,PASS,PASS,,PASS,PASS,19,19,PASS
224,L,CTG,,PASS,PASS,PASS,PASS,PASS,PASS,PASS,PASS,PASS,,PASS,PASS,PASS,PASS,PASS,PASS,PASS,PASS,PASS,PASS,19,19,PASS
225,D,GAT,,PASS,PASS,,PASS,PASS,PASS,PASS,PASS,PASS,PASS,PASS,PASS,PASS,PASS,PASS,PASS,PASS,PASS,PASS,PASS,19,19,PASS
226,R,CGC,,PASS,PASS,PASS,PASS,PASS,PASS,PASS,PASS,PASS,PASS,PASS,PASS,PASS,PASS,,PASS,PASS,PASS,PASS,PASS,19,19,PASS
227,G,GGT,,PASS,PASS,PASS,PASS,PASS,,PASS,PASS,PASS,PASS,PASS,PASS,PASS,PASS,PASS,PASS,PASS,PASS,PASS,PASS,19,19,PASS
228,D,GAC,,PASS,PASS,,PASS,PASS,PASS,PASS,PASS,PASS,PASS,PASS,PASS,PASS,PASS,PASS,PASS,PASS,PASS,PASS,PASS,19,19,PASS
229,E,GAG,,PASS,PASS,PASS,,PASS,PASS,PASS,PASS,PASS,PASS,PASS,PASS,PASS,PASS,PASS,PASS,PASS,PASS,PASS,PASS,19,19,PASS
230,V,GTG,,PASS,PASS,PASS,PASS,PASS,PASS,PASS,PASS,PASS,PASS,PASS,PASS,PASS,PASS,PASS,PASS,PASS,,PASS,PASS,19,19,PASS
231,P,CCA,,PASS,PASS,PASS,PASS,PASS,PASS,PASS,PASS,PASS,PASS,PASS,PASS,,PASS,PASS,PASS,PASS,PASS,PASS,PASS,19,19,PASS
232,S,TCC,,PASS,PASS,PASS,PASS,PASS,PASS,PASS,PASS,PASS,PASS,PASS,PASS,PASS,PASS,PASS,,PASS,PASS,PASS,PASS,19,19,PASS
233,L,CTG,,PASS,PASS,PASS,PASS,PASS,PASS,PASS,PASS,PASS,,PASS,PASS,PASS,PASS,PASS,PASS,PASS,PASS,PASS,PASS,19,19,PASS
234,F,TTT,,PASS,PASS,PASS,PASS,,PASS,PASS,PASS,PASS,PASS,PASS,PASS,PASS,PASS,PASS,PASS,PASS,PASS,PASS,PASS,19,19,PASS
235,M,ATG,,PASS,PASS,PASS,PASS,PASS,PASS,PASS,PASS,PASS,PASS,,PASS,PASS,PASS,PASS,PASS,PASS,PASS,PASS,PASS,19,19,PASS
236,T,ACT,,PASS,PASS,PASS,PASS,PASS,PASS,PASS,PASS,PASS,PASS,PASS,PASS,PASS,PASS,PASS,PASS,,PASS,PASS,PASS,19,19,PASS
237,N,AAC,,PASS,PASS,PASS,PASS,PASS,PASS,PASS,PASS,PASS,PASS,PASS,,PASS,PASS,PASS,PASS,PASS,PASS,PASS,PASS,19,19,PASS
238,V,GTC,,PASS,PASS,PASS,PASS,PASS,PASS,PASS,PASS,PASS,PASS,PASS,PASS,PASS,PASS,PASS,PASS,PASS,,PASS,PASS,19,19,PASS
239,W,TGG,,PASS,PASS,PASS,PASS,PASS,PASS,PASS,PASS,PASS,PASS,PASS,PASS,PASS,PASS,PASS,PASS,PASS,PASS,,PASS,19,19,PASS
240,T,ACC,,PASS,PASS,PASS,PASS,PASS,PASS,PASS,PASS,PASS,PASS,PASS,PASS,PASS,PASS,PASS,PASS,,PASS,PASS,PASS,19,19,PASS
241,P,CCG,,PASS,PASS,PASS,PASS,PASS,PASS,PASS,PASS,PASS,PASS,PASS,PASS,,PASS,PASS,PASS,PASS,PASS,PASS,PASS,19,19,PASS
242,P,CCC,,PASS,PASS,PASS,PASS,PASS,PASS,PASS,PASS,PASS,PASS,PASS,PASS,,PASS,PASS,PASS,PASS,PASS,PASS,PASS,19,19,PASS
243,N,AAC,,PASS,PASS,PASS,PASS,PASS,PASS,PASS,PASS,PASS,PASS,PASS,,PASS,PASS,PASS,PASS,PASS,PASS,PASS,PASS,19,19,PASS
244,P,CCT,,PASS,PASS,PASS,PASS,PASS,PASS,PASS,PASS,PASS,PASS,PASS,PASS,,PASS,PASS,PASS,PASS,PASS,PASS,PASS,19,19,PASS
245,N,AAT,,PASS,PASS,PASS,PASS,PASS,PASS,PASS,PASS,PASS,PASS,PASS,,FAIL,PASS,PASS,PASS,PASS,PASS,PASS,PASS,19,18,PASS
246,T,ACC,,PASS,PASS,PASS,PASS,PASS,PASS,PASS,PASS,PASS,PASS,PASS,PASS,PASS,PASS,PASS,PASS,,PASS,PASS,PASS,19,19,PASS
247,V,GTC,,PASS,PASS,PASS,PASS,PASS,PASS,PASS,PASS,PASS,PASS,PASS,PASS,PASS,PASS,PASS,PASS,PASS,,PASS,PASS,19,19,PASS
248,Y,TAC,,PASS,PASS,PASS,PASS,PASS,PASS,PASS,PASS,PASS,PASS,PASS,PASS,PASS,PASS,PASS,PASS,PASS,PASS,PASS,,19,19,PASS
249,H,CAC,,PASS,PASS,PASS,PASS,PASS,PASS,,PASS,PASS,PASS,PASS,PASS,PASS,PASS,PASS,PASS,PASS,PASS,PASS,PASS,19,19,PASS
250,C,TGT,,PASS,,PASS,PASS,PASS,PASS,PASS,PASS,PASS,PASS,PASS,PASS,PASS,PASS,PASS,PASS,PASS,PASS,PASS,PASS,19,19,PASS
251,S,AGC,,PASS,PASS,PASS,PASS,PASS,PASS,PASS,PASS,PASS,PASS,PASS,PASS,PASS,PASS,PASS,,PASS,PASS,PASS,PASS,19,19,PASS
252,A,GCG,,,PASS,PASS,PASS,PASS,PASS,PASS,PASS,PASS,PASS,PASS,PASS,PASS,PASS,PASS,PASS,PASS,PASS,PASS,PASS,19,19,PASS
253,V,GTC,,PASS,PASS,PASS,PASS,PASS,PASS,PASS,PASS,PASS,PASS,PASS,PASS,PASS,PASS,PASS,PASS,PASS,,PASS,PASS,19,19,PASS
254,Y,TAC,,PASS,PASS,PASS,PASS,PASS,PASS,PASS,PASS,PASS,PASS,PASS,PASS,PASS,PASS,PASS,PASS,PASS,PASS,PASS,,19,19,PASS
255,N,AAT,,PASS,PASS,PASS,PASS,PASS,PASS,PASS,PASS,PASS,PASS,PASS,,PASS,PASS,PASS,PASS,PASS,PASS,PASS,PASS,19,19,PASS
256,N,AAC,,PASS,PASS,PASS,PASS,PASS,PASS,PASS,PASS,PASS,PASS,PASS,,PASS,PASS,PASS,PASS,PASS,PASS,PASS,PASS,19,19,PASS
257,E,GAA,,PASS,PASS,PASS,,PASS,PASS,PASS,PASS,PASS,PASS,PASS,PASS,PASS,PASS,PASS,PASS,PASS,PASS,PASS,PASS,19,19,PASS
258,F,TTC,,PASS,PASS,PASS,PASS,,PASS,PASS,PASS,PASS,PASS,PASS,PASS,PASS,PASS,PASS,PASS,PASS,PASS,PASS,PASS,19,19,PASS
259,Y,TAT,,PASS,PASS,PASS,PASS,PASS,PASS,PASS,PASS,PASS,PASS,PASS,PASS,PASS,PASS,PASS,PASS,PASS,PASS,PASS,,19,19,PASS
260,Y,TAC,,PASS,PASS,PASS,PASS,PASS,PASS,PASS,PASS,PASS,PASS,PASS,PASS,PASS,PASS,PASS,PASS,PASS,PASS,PASS,,19,19,PASS
261,V,GTG,,PASS,PASS,PASS,PASS,PASS,PASS,PASS,PASS,PASS,PASS,PASS,PASS,PASS,PASS,PASS,PASS,PASS,,PASS,PASS,19,19,PASS
262,L,CTG,,PASS,PASS,PASS,PASS,PASS,PASS,PASS,PASS,PASS,,PASS,PASS,PASS,PASS,PASS,PASS,PASS,PASS,PASS,PASS,19,19,PASS
263,C,TGC,,PASS,,PASS,PASS,PASS,PASS,PASS,PASS,PASS,PASS,PASS,PASS,PASS,PASS,PASS,PASS,PASS,PASS,PASS,PASS,19,19,PASS
264,A,GCC,,,PASS,PASS,PASS,PASS,PASS,PASS,PASS,PASS,PASS,PASS,PASS,PASS,PASS,PASS,PASS,PASS,PASS,PASS,PASS,19,19,PASS
265,V,GTG,,PASS,PASS,PASS,PASS,PASS,PASS,FAIL,PASS,PASS,PASS,PASS,PASS,PASS,PASS,PASS,PASS,PASS,,PASS,PASS,19,18,PASS
266,S,AGC,,PASS,PASS,PASS,PASS,PASS,PASS,PASS,PASS,PASS,PASS,PASS,PASS,PASS,PASS,PASS,,PASS,PASS,PASS,PASS,19,19,PASS
267,T,ACC,,PASS,PASS,PASS,PASS,PASS,PASS,PASS,PASS,PASS,PASS,PASS,PASS,PASS,PASS,PASS,PASS,,PASS,PASS,PASS,19,19,PASS
268,V,GTG,,PASS,PASS,PASS,PASS,PASS,PASS,PASS,PASS,PASS,PASS,PASS,PASS,PASS,PASS,PASS,PASS,PASS,,PASS,PASS,19,19,PASS
269,G,GGC,,PASS,PASS,PASS,PASS,PASS,,PASS,PASS,PASS,PASS,PASS,PASS,PASS,PASS,PASS,PASS,PASS,PASS,PASS,PASS,19,19,PASS
270,D,GAC,,PASS,PASS,,PASS,PASS,PASS,PASS,PASS,PASS,PASS,PASS,PASS,PASS,PASS,PASS,PASS,PASS,PASS,PASS,PASS,19,19,PASS
271,P,CCC,,PASS,PASS,PASS,PASS,PASS,PASS,PASS,PASS,PASS,PASS,PASS,PASS,,PASS,PASS,PASS,PASS,PASS,PASS,PASS,19,19,PASS
272,I,ATC,,PASS,PASS,PASS,PASS,PASS,PASS,PASS,,PASS,PASS,PASS,PASS,PASS,PASS,PASS,PASS,PASS,PASS,PASS,PASS,19,19,PASS
273,L,CTG,,PASS,PASS,PASS,PASS,PASS,PASS,PASS,PASS,PASS,,PASS,PASS,PASS,PASS,PASS,PASS,PASS,PASS,PASS,PASS,19,19,PASS
274,N,AAC,,PASS,PASS,PASS,PASS,PASS,PASS,PASS,PASS,PASS,PASS,PASS,,PASS,PASS,PASS,PASS,PASS,PASS,PASS,PASS,19,19,PASS
275,S,AGC,,PASS,PASS,PASS,PASS,PASS,PASS,PASS,PASS,PASS,PASS,PASS,PASS,PASS,FAIL,PASS,,PASS,PASS,PASS,PASS,19,18,PASS
276,T,ACC,,PASS,PASS,PASS,PASS,PASS,PASS,PASS,PASS,PASS,PASS,PASS,PASS,PASS,PASS,PASS,PASS,,PASS,PASS,PASS,19,19,PASS
277,Y,TAC,,PASS,PASS,PASS,PASS,PASS,PASS,PASS,PASS,PASS,PASS,PASS,PASS,PASS,PASS,PASS,PASS,PASS,PASS,PASS,,19,19,PASS
278,W,TGG,,PASS,PASS,PASS,PASS,PASS,PASS,PASS,PASS,PASS,PASS,PASS,PASS,PASS,PASS,PASS,PASS,PASS,PASS,,PASS,19,19,PASS
279,S,TCT,,PASS,PASS,PASS,PASS,PASS,PASS,PASS,PASS,PASS,PASS,PASS,PASS,PASS,PASS,PASS,,PASS,PASS,PASS,PASS,19,19,PASS
280,G,GGT,,PASS,PASS,PASS,PASS,PASS,,PASS,PASS,PASS,PASS,PASS,PASS,PASS,PASS,PASS,PASS,PASS,PASS,PASS,PASS,19,19,PASS
281,S,AGC,,PASS,PASS,PASS,PASS,PASS,PASS,PASS,PASS,PASS,PASS,PASS,PASS,PASS,PASS,PASS,,PASS,PASS,PASS,PASS,19,19,PASS
282,L,TTG,,PASS,PASS,PASS,PASS,PASS,PASS,PASS,PASS,PASS,,PASS,PASS,PASS,PASS,PASS,PASS,PASS,PASS,PASS,PASS,19,19,PASS
283,M,ATG,,PASS,PASS,PASS,PASS,PASS,PASS,PASS,PASS,PASS,PASS,,PASS,PASS,PASS,PASS,PASS,PASS,PASS,PASS,PASS,19,19,PASS
284,M,ATG,,PASS,PASS,PASS,PASS,PASS,PASS,PASS,PASS,PASS,PASS,,PASS,PASS,PASS,PASS,PASS,PASS,PASS,PASS,PASS,19,19,PASS
285,T,ACC,,PASS,PASS,PASS,PASS,PASS,PASS,PASS,PASS,PASS,PASS,PASS,PASS,PASS,PASS,PASS,PASS,,PASS,PASS,PASS,19,19,PASS
286,R,CGG,,PASS,PASS,PASS,PASS,PASS,PASS,PASS,PASS,PASS,PASS,PASS,PASS,PASS,PASS,,PASS,PASS,PASS,PASS,PASS,19,19,PASS
287,L,CTG,,PASS,PASS,PASS,PASS,PASS,PASS,PASS,PASS,PASS,,PASS,PASS,PASS,PASS,PASS,PASS,PASS,PASS,PASS,PASS,19,19,PASS
288,A,GCA,,,PASS,PASS,PASS,PASS,PASS,PASS,PASS,PASS,PASS,PASS,PASS,PASS,PASS,PASS,PASS,PASS,PASS,PASS,PASS,19,19,PASS
289,V,GTT,,PASS,PASS,PASS,PASS,PASS,PASS,PASS,PASS,PASS,PASS,PASS,PASS,PASS,PASS,PASS,PASS,PASS,,PASS,PASS,19,19,PASS
290,K,AAG,,PASS,PASS,PASS,PASS,PASS,PASS,PASS,PASS,,PASS,PASS,PASS,PASS,PASS,PASS,PASS,PASS,PASS,PASS,PASS,19,19,PASS
291,P,CCT,,PASS,PASS,PASS,PASS,PASS,PASS,PASS,PASS,PASS,PASS,PASS,PASS,,PASS,PASS,PASS,PASS,PASS,PASS,PASS,19,19,PASS
292,K,AAG,,PASS,PASS,PASS,PASS,PASS,PASS,PASS,PASS,,PASS,PASS,PASS,FAIL,PASS,PASS,PASS,PASS,PASS,PASS,PASS,19,18,PASS
293,S,TCC,,PASS,PASS,PASS,PASS,PASS,PASS,PASS,PASS,PASS,PASS,PASS,PASS,PASS,PASS,PASS,,PASS,PASS,PASS,PASS,19,19,PASS
294,N,AAC,,PASS,PASS,PASS,PASS,PASS,PASS,PASS,PASS,PASS,PASS,PASS,,PASS,PASS,PASS,PASS,PASS,PASS,PASS,PASS,19,19,PASS
295,G,GGC,,PASS,PASS,PASS,PASS,PASS,,PASS,PASS,PASS,PASS,PASS,PASS,PASS,PASS,PASS,PASS,PASS,PASS,PASS,PASS,19,19,PASS
296,G,GGA,,PASS,PASS,PASS,PASS,PASS,,PASS,PASS,PASS,PASS,PASS,PASS,PASS,PASS,PASS,PASS,PASS,PASS,FAIL,PASS,19,18,PASS
297,G,GGC,,PASS,PASS,PASS,PASS,PASS,,PASS,PASS,PASS,PASS,PASS,PASS,PASS,PASS,PASS,PASS,PASS,PASS,PASS,PASS,19,19,PASS
298,Y,TAC,,PASS,PASS,PASS,PASS,PASS,PASS,PASS,PASS,PASS,PASS,PASS,PASS,PASS,PASS,PASS,PASS,PASS,PASS,PASS,,19,19,PASS
299,N,AAC,,PASS,PASS,PASS,PASS,PASS,PASS,PASS,PASS,PASS,PASS,PASS,,PASS,PASS,PASS,PASS,PASS,PASS,PASS,PASS,19,19,PASS
300,Q,CAG,,PASS,PASS,PASS,PASS,PASS,PASS,PASS,PASS,PASS,PASS,PASS,PASS,PASS,,PASS,PASS,PASS,PASS,PASS,PASS,19,19,PASS
301,H,CAC,,PASS,PASS,PASS,PASS,PASS,PASS,,PASS,PASS,PASS,PASS,PASS,PASS,PASS,PASS,PASS,PASS,PASS,PASS,PASS,19,19,PASS
302,Q,CAG,,PASS,PASS,PASS,PASS,PASS,PASS,PASS,PASS,PASS,PASS,PASS,PASS,PASS,,PASS,PASS,PASS,PASS,PASS,PASS,19,19,PASS
303,L,CTC,,PASS,PASS,PASS,PASS,PASS,PASS,PASS,PASS,PASS,,PASS,PASS,PASS,PASS,PASS,PASS,PASS,PASS,PASS,PASS,19,19,PASS
304,A,GCA,,,PASS,PASS,PASS,PASS,PASS,PASS,PASS,PASS,PASS,PASS,PASS,PASS,PASS,PASS,PASS,PASS,PASS,PASS,PASS,19,19,PASS
305,L,CTG,,PASS,PASS,PASS,PASS,PASS,PASS,PASS,PASS,PASS,,PASS,PASS,PASS,PASS,PASS,PASS,PASS,PASS,PASS,PASS,19,19,PASS
306,R,CGC,,PASS,PASS,PASS,PASS,PASS,PASS,PASS,PASS,PASS,PASS,PASS,PASS,PASS,PASS,,PASS,PASS,PASS,PASS,PASS,19,19,PASS
307,S,TCC,,PASS,PASS,PASS,PASS,PASS,PASS,PASS,PASS,PASS,PASS,PASS,PASS,PASS,PASS,PASS,,PASS,PASS,PASS,PASS,19,19,PASS
308,I,ATC,,PASS,PASS,PASS,PASS,PASS,PASS,PASS,,PASS,PASS,PASS,PASS,PASS,PASS,PASS,PASS,PASS,PASS,PASS,PASS,19,19,PASS
309,E,GAA,,PASS,PASS,PASS,,PASS,PASS,PASS,PASS,PASS,PASS,PASS,PASS,PASS,PASS,PASS,PASS,PASS,PASS,PASS,PASS,19,19,PASS
310,K,AAA,,PASS,PASS,PASS,PASS,PASS,PASS,PASS,PASS,,PASS,PASS,PASS,PASS,PASS,PASS,PASS,PASS,PASS,PASS,PASS,19,19,PASS
311,G,GGC,,PASS,PASS,PASS,PASS,PASS,,PASS,PASS,PASS,PASS,PASS,PASS,PASS,PASS,PASS,PASS,PASS,PASS,PASS,PASS,19,19,PASS
312,R,AGG,,PASS,PASS,PASS,PASS,PASS,PASS,PASS,PASS,PASS,PASS,PASS,PASS,PASS,PASS,,PASS,PASS,PASS,PASS,PASS,19,19,PASS
313,Y,TAT,,PASS,PASS,PASS,PASS,PASS,PASS,PASS,PASS,PASS,PASS,PASS,PASS,PASS,PASS,PASS,PASS,PASS,PASS,PASS,,19,19,PASS
314,D,GAC,,PASS,PASS,,PASS,PASS,PASS,PASS,PASS,PASS,PASS,PASS,PASS,PASS,PASS,PASS,PASS,PASS,PASS,PASS,PASS,19,19,PASS
315,K,AAG,,PASS,PASS,PASS,PASS,PASS,PASS,PASS,PASS,,PASS,PASS,PASS,PASS,PASS,PASS,PASS,PASS,PASS,PASS,PASS,19,19,PASS
316,V,GTT,,PASS,PASS,PASS,PASS,PASS,PASS,PASS,PASS,PASS,PASS,PASS,PASS,PASS,PASS,PASS,PASS,PASS,,PASS,PASS,19,19,PASS
317,M,ATG,,PASS,PASS,PASS,PASS,PASS,PASS,PASS,PASS,PASS,PASS,,PASS,PASS,PASS,PASS,PASS,PASS,PASS,PASS,PASS,19,19,PASS
318,P,CCA,,PASS,PASS,PASS,PASS,PASS,PASS,PASS,PASS,PASS,PASS,PASS,PASS,,PASS,PASS,PASS,PASS,PASS,PASS,PASS,19,19,PASS
319,Y,TAT,,PASS,PASS,PASS,PASS,PASS,PASS,PASS,PASS,PASS,PASS,PASS,PASS,PASS,PASS,PASS,PASS,PASS,PASS,PASS,,19,19,PASS
320,G,GGG,,PASS,PASS,PASS,PASS,PASS,,PASS,PASS,PASS,FAIL,PASS,PASS,PASS,PASS,PASS,PASS,PASS,PASS,PASS,PASS,19,18,PASS
321,P,CCC,,PASS,PASS,PASS,PASS,PASS,PASS,PASS,PASS,PASS,PASS,PASS,PASS,,PASS,PASS,PASS,PASS,PASS,PASS,PASS,19,19,PASS
322,S,AGC,,PASS,PASS,PASS,PASS,PASS,PASS,PASS,PASS,PASS,PASS,PASS,PASS,PASS,PASS,PASS,,PASS,PASS,PASS,PASS,19,19,PASS
323,G,GGT,,PASS,PASS,PASS,PASS,PASS,,PASS,PASS,PASS,PASS,PASS,PASS,PASS,PASS,PASS,PASS,PASS,PASS,PASS,PASS,19,19,PASS
324,I,ATC,,PASS,PASS,PASS,PASS,PASS,PASS,PASS,,PASS,PASS,PASS,PASS,PASS,PASS,PASS,PASS,PASS,PASS,PASS,PASS,19,19,PASS
325,K,AAG,,PASS,PASS,PASS,PASS,PASS,PASS,PASS,PASS,,PASS,PASS,PASS,PASS,PASS,PASS,PASS,PASS,PASS,PASS,PASS,19,19,PASS
326,Q,CAG,,PASS,PASS,PASS,PASS,PASS,PASS,PASS,PASS,PASS,PASS,PASS,PASS,PASS,,PASS,PASS,PASS,PASS,PASS,PASS,19,19,PASS
327,G,GGC,,PASS,PASS,PASS,PASS,PASS,,PASS,PASS,PASS,PASS,PASS,PASS,PASS,PASS,PASS,PASS,PASS,PASS,PASS,PASS,19,19,PASS
328,D,GAC,,PASS,PASS,,PASS,PASS,PASS,PASS,PASS,PASS,PASS,PASS,PASS,PASS,PASS,PASS,PASS,PASS,PASS,PASS,PASS,19,19,PASS
329,T,ACG,,PASS,PASS,PASS,PASS,PASS,PASS,PASS,PASS,PASS,PASS,PASS,PASS,PASS,PASS,PASS,PASS,,PASS,PASS,PASS,19,19,PASS
330,L,CTG,,PASS,PASS,PASS,PASS,PASS,PASS,PASS,PASS,PASS,,PASS,PASS,PASS,PASS,PASS,PASS,PASS,PASS,PASS,PASS,19,19,PASS
331,Y,TAC,,PASS,PASS,PASS,PASS,PASS,PASS,PASS,PASS,PASS,PASS,PASS,PASS,PASS,PASS,PASS,PASS,PASS,PASS,PASS,,19,19,PASS
332,F,TTT,,PASS,PASS,PASS,PASS,,PASS,PASS,PASS,PASS,PASS,PASS,PASS,PASS,PASS,PASS,PASS,PASS,PASS,PASS,PASS,19,19,PASS
333,P,CCT,,PASS,PASS,PASS,PASS,PASS,PASS,PASS,PASS,PASS,PASS,PASS,PASS,,PASS,PASS,PASS,PASS,PASS,PASS,PASS,19,19,PASS
334,A,GCT,,,PASS,PASS,PASS,PASS,PASS,PASS,PASS,PASS,PASS,PASS,PASS,PASS,PASS,PASS,PASS,PASS,PASS,PASS,PASS,19,19,PASS
335,V,GTG,,PASS,PASS,PASS,PASS,PASS,PASS,PASS,PASS,PASS,PASS,PASS,PASS,PASS,PASS,PASS,PASS,PASS,,PASS,PASS,19,19,PASS
336,G,GGA,,PASS,PASS,PASS,PASS,PASS,,PASS,PASS,PASS,PASS,PASS,PASS,PASS,PASS,PASS,PASS,PASS,PASS,PASS,PASS,19,19,PASS
337,F,TTC,,PASS,PASS,PASS,PASS,,PASS,PASS,PASS,PASS,PASS,PASS,PASS,PASS,PASS,PASS,PASS,PASS,PASS,PASS,PASS,19,19,PASS
338,L,CTG,,PASS,PASS,PASS,PASS,PASS,PASS,PASS,PASS,PASS,,PASS,PASS,PASS,PASS,PASS,PASS,PASS,PASS,PASS,PASS,19,19,PASS
339,V,GTT,,PASS,PASS,PASS,PASS,PASS,PASS,PASS,PASS,PASS,PASS,PASS,PASS,PASS,PASS,PASS,PASS,PASS,,PASS,PASS,19,19,PASS
340,R,CGC,,PASS,PASS,PASS,PASS,PASS,PASS,PASS,PASS,PASS,PASS,PASS,PASS,PASS,PASS,,PASS,PASS,PASS,PASS,PASS,19,19,PASS
341,T,ACC,,PASS,PASS,PASS,PASS,PASS,PASS,PASS,PASS,PASS,PASS,PASS,PASS,PASS,PASS,PASS,PASS,,PASS,PASS,PASS,19,19,PASS
342,E,GAG,,PASS,PASS,PASS,,PASS,PASS,PASS,PASS,PASS,PASS,PASS,PASS,PASS,PASS,PASS,PASS,PASS,PASS,PASS,PASS,19,19,PASS
343,F,TTT,,PASS,PASS,PASS,PASS,,PASS,PASS,PASS,PASS,PASS,PASS,PASS,PASS,PASS,PASS,PASS,PASS,PASS,PASS,PASS,19,19,PASS
344,K,AAG,,PASS,PASS,PASS,PASS,PASS,PASS,PASS,PASS,,PASS,PASS,PASS,PASS,PASS,PASS,PASS,PASS,PASS,PASS,PASS,19,19,PASS
345,Y,TAC,,PASS,PASS,PASS,PASS,PASS,PASS,PASS,PASS,PASS,PASS,PASS,PASS,PASS,PASS,PASS,PASS,PASS,PASS,PASS,,19,19,PASS
346,N,AAC,,PASS,PASS,PASS,PASS,PASS,PASS,PASS,PASS,PASS,PASS,PASS,,PASS,PASS,PASS,PASS,PASS,PASS,PASS,PASS,19,19,PASS
347,D,GAC,,PASS,PASS,,PASS,PASS,PASS,PASS,PASS,PASS,PASS,PASS,PASS,PASS,PASS,PASS,PASS,PASS,PASS,PASS,PASS,19,19,PASS
348,S,AGT,,PASS,PASS,PASS,PASS,PASS,PASS,PASS,PASS,PASS,PASS,PASS,PASS,PASS,PASS,PASS,,PASS,PASS,PASS,PASS,19,19,PASS
349,N,AAC,,PASS,PASS,PASS,PASS,PASS,PASS,PASS,PASS,PASS,PASS,PASS,,PASS,PASS,PASS,PASS,PASS,PASS,FAIL,PASS,19,18,PASS
350,C,TGC,,PASS,,PASS,PASS,PASS,PASS,PASS,PASS,PASS,PASS,PASS,PASS,PASS,PASS,PASS,PASS,PASS,PASS,PASS,PASS,19,19,PASS
351,P,CCT,,PASS,PASS,PASS,PASS,PASS,PASS,PASS,PASS,PASS,PASS,PASS,PASS,,PASS,PASS,PASS,PASS,PASS,PASS,PASS,19,19,PASS
352,I,ATC,,PASS,PASS,PASS,PASS,PASS,PASS,PASS,,PASS,PASS,PASS,PASS,PASS,PASS,PASS,PASS,PASS,PASS,PASS,PASS,19,19,PASS
353,T,ACC,,PASS,PASS,PASS,PASS,PASS,PASS,PASS,PASS,PASS,PASS,PASS,PASS,PASS,PASS,PASS,PASS,,PASS,PASS,PASS,19,19,PASS
354,K,AAG,,PASS,PASS,PASS,PASS,PASS,PASS,PASS,PASS,,PASS,PASS,PASS,PASS,PASS,PASS,PASS,PASS,PASS,PASS,PASS,19,19,PASS
355,C,TGT,,PASS,,PASS,PASS,PASS,PASS,PASS,PASS,PASS,PASS,PASS,PASS,PASS,PASS,PASS,PASS,PASS,PASS,PASS,PASS,19,19,PASS
356,Q,CAG,,PASS,PASS,PASS,PASS,PASS,PASS,PASS,PASS,PASS,PASS,PASS,PASS,PASS,,PASS,PASS,PASS,PASS,PASS,PASS,19,19,PASS
357,Y,TAC,,PASS,PASS,PASS,PASS,PASS,PASS,PASS,PASS,PASS,PASS,PASS,PASS,PASS,PASS,PASS,PASS,PASS,PASS,PASS,,19,19,PASS
358,S,TCC,,PASS,PASS,PASS,PASS,PASS,PASS,PASS,PASS,PASS,PASS,PASS,PASS,PASS,PASS,PASS,,PASS,PASS,PASS,PASS,19,19,PASS
359,K,AAG,,PASS,PASS,PASS,PASS,PASS,PASS,PASS,PASS,,PASS,PASS,PASS,PASS,PASS,PASS,PASS,PASS,PASS,PASS,PASS,19,19,PASS
360,P,CCG,,PASS,PASS,PASS,PASS,PASS,PASS,PASS,PASS,PASS,PASS,PASS,PASS,,PASS,PASS,PASS,PASS,PASS,PASS,PASS,19,19,PASS
361,E,GAG,,PASS,PASS,PASS,,PASS,PASS,PASS,PASS,PASS,PASS,PASS,PASS,PASS,PASS,PASS,PASS,PASS,PASS,PASS,PASS,19,19,PASS
362,N,AAC,,PASS,PASS,PASS,PASS,PASS,PASS,PASS,PASS,PASS,PASS,PASS,,PASS,PASS,PASS,PASS,PASS,PASS,PASS,PASS,19,19,PASS
363,C,TGC,,PASS,,PASS,PASS,PASS,PASS,PASS,PASS,PASS,PASS,PASS,PASS,PASS,PASS,PASS,PASS,PASS,PASS,PASS,PASS,19,19,PASS
364,R,AGA,,PASS,PASS,PASS,PASS,PASS,PASS,PASS,PASS,PASS,PASS,PASS,PASS,PASS,PASS,,PASS,PASS,PASS,PASS,PASS,19,19,PASS
365,L,CTC,,PASS,PASS,PASS,PASS,PASS,PASS,PASS,PASS,PASS,,PASS,PASS,PASS,PASS,PASS,PASS,PASS,PASS,PASS,PASS,19,19,PASS
366,S,AGC,,PASS,PASS,PASS,PASS,PASS,PASS,PASS,PASS,PASS,PASS,PASS,PASS,PASS,PASS,PASS,,PASS,PASS,PASS,PASS,19,19,PASS
367,M,ATG,,PASS,PASS,PASS,PASS,PASS,PASS,PASS,PASS,PASS,PASS,,PASS,PASS,PASS,PASS,PASS,PASS,PASS,PASS,PASS,19,19,PASS
368,G,GGA,,PASS,PASS,PASS,PASS,PASS,,PASS,PASS,PASS,PASS,PASS,PASS,PASS,PASS,PASS,PASS,PASS,PASS,PASS,PASS,19,19,PASS
369,I,ATC,,PASS,PASS,PASS,PASS,PASS,PASS,PASS,,PASS,PASS,PASS,PASS,PASS,PASS,PASS,PASS,PASS,PASS,PASS,PASS,19,19,PASS
370,R,CGG,,PASS,PASS,PASS,PASS,PASS,PASS,PASS,PASS,PASS,PASS,PASS,PASS,PASS,PASS,,PASS,PASS,PASS,PASS,PASS,19,19,PASS
371,P,CCT,,PASS,PASS,PASS,PASS,PASS,PASS,PASS,PASS,PASS,PASS,PASS,PASS,,PASS,PASS,PASS,PASS,PASS,PASS,PASS,19,19,PASS
372,N,AAT,,PASS,PASS,PASS,PASS,PASS,PASS,PASS,PASS,PASS,PASS,PASS,,PASS,PASS,PASS,PASS,PASS,PASS,PASS,PASS,19,19,PASS
373,S,AGC,,PASS,PASS,PASS,PASS,PASS,PASS,PASS,PASS,PASS,PASS,PASS,PASS,PASS,PASS,PASS,,PASS,PASS,PASS,PASS,19,19,PASS
374,H,CAC,,PASS,PASS,PASS,PASS,PASS,PASS,,PASS,PASS,PASS,PASS,PASS,PASS,PASS,PASS,PASS,PASS,PASS,PASS,PASS,19,19,PASS
375,Y,TAT,,PASS,PASS,PASS,PASS,PASS,PASS,PASS,PASS,PASS,PASS,PASS,PASS,PASS,PASS,PASS,PASS,PASS,PASS,PASS,,19,19,PASS
376,I,ATC,,PASS,PASS,PASS,PASS,PASS,PASS,PASS,,PASS,PASS,PASS,PASS,PASS,PASS,PASS,PASS,PASS,PASS,PASS,PASS,19,19,PASS
377,L,CTC,,PASS,PASS,PASS,PASS,PASS,PASS,PASS,PASS,PASS,,PASS,PASS,PASS,PASS,PASS,PASS,PASS,PASS,PASS,PASS,19,19,PASS
378,R,CGC,,PASS,PASS,PASS,PASS,PASS,PASS,PASS,PASS,PASS,PASS,PASS,PASS,PASS,PASS,,PASS,PASS,PASS,PASS,PASS,19,19,PASS
379,S,AGC,,PASS,PASS,PASS,PASS,PASS,PASS,PASS,PASS,PASS,PASS,PASS,PASS,PASS,PASS,PASS,,PASS,PASS,PASS,PASS,19,19,PASS
380,G,GGA,,PASS,PASS,PASS,PASS,PASS,,PASS,PASS,PASS,PASS,PASS,PASS,PASS,PASS,PASS,PASS,PASS,PASS,PASS,PASS,19,19,PASS
381,L,CTT,,PASS,PASS,PASS,PASS,PASS,PASS,PASS,PASS,PASS,,PASS,PASS,PASS,PASS,PASS,PASS,PASS,PASS,PASS,PASS,19,19,PASS
382,L,CTC,,PASS,PASS,PASS,PASS,PASS,PASS,PASS,PASS,PASS,,PASS,PASS,PASS,PASS,PASS,PASS,PASS,PASS,PASS,PASS,19,19,PASS
383,K,AAA,,PASS,PASS,PASS,PASS,PASS,PASS,PASS,PASS,,PASS,PASS,PASS,PASS,PASS,PASS,PASS,PASS,PASS,PASS,PASS,19,19,PASS
384,Y,TAT,,PASS,PASS,PASS,PASS,PASS,PASS,PASS,PASS,PASS,PASS,PASS,PASS,PASS,PASS,PASS,PASS,PASS,PASS,PASS,,19,19,PASS
385,N,AAT,,PASS,PASS,PASS,PASS,PASS,PASS,PASS,PASS,PASS,PASS,PASS,,PASS,PASS,PASS,PASS,PASS,PASS,PASS,PASS,19,19,PASS
386,L,CTC,,PASS,PASS,PASS,PASS,PASS,PASS,PASS,PASS,PASS,,PASS,PASS,PASS,PASS,PASS,PASS,PASS,PASS,PASS,PASS,19,19,PASS
387,S,TCT,,PASS,PASS,PASS,PASS,PASS,PASS,PASS,PASS,PASS,PASS,PASS,PASS,PASS,PASS,PASS,,PASS,PASS,PASS,PASS,19,19,PASS
388,D,GAT,,PASS,PASS,,PASS,PASS,PASS,PASS,PASS,PASS,PASS,PASS,PASS,PASS,PASS,PASS,PASS,PASS,PASS,PASS,PASS,19,19,PASS
389,G,GGC,,PASS,PASS,PASS,PASS,PASS,,PASS,PASS,PASS,PASS,PASS,PASS,PASS,PASS,PASS,PASS,PASS,PASS,PASS,PASS,19,19,PASS
390,E,GAA,,PASS,PASS,PASS,,PASS,PASS,PASS,PASS,PASS,PASS,PASS,PASS,PASS,PASS,PASS,PASS,PASS,PASS,PASS,PASS,19,19,PASS
391,N,AAC,,PASS,PASS,PASS,PASS,PASS,PASS,PASS,PASS,PASS,PASS,PASS,,PASS,PASS,PASS,PASS,PASS,PASS,PASS,PASS,19,19,PASS
392,P,CCG,,PASS,PASS,PASS,PASS,PASS,PASS,PASS,PASS,PASS,PASS,PASS,PASS,,PASS,PASS,PASS,PASS,PASS,PASS,PASS,19,19,PASS
393,K,AAA,,PASS,PASS,PASS,PASS,PASS,PASS,PASS,PASS,,PASS,PASS,PASS,PASS,PASS,PASS,PASS,PASS,PASS,PASS,PASS,19,19,PASS
394,V,GTC,,PASS,PASS,PASS,PASS,PASS,PASS,PASS,PASS,PASS,PASS,PASS,PASS,PASS,PASS,PASS,PASS,PASS,,PASS,PASS,19,19,PASS
395,V,GTT,,PASS,PASS,PASS,PASS,PASS,PASS,PASS,PASS,PASS,PASS,PASS,PASS,PASS,PASS,PASS,PASS,PASS,,PASS,PASS,19,19,PASS
396,F,TTT,,PASS,PASS,PASS,PASS,,PASS,PASS,PASS,PASS,PASS,PASS,PASS,PASS,PASS,PASS,PASS,PASS,PASS,PASS,PASS,19,19,PASS
397,I,ATT,,PASS,PASS,PASS,PASS,PASS,PASS,PASS,,PASS,PASS,PASS,PASS,PASS,PASS,PASS,PASS,PASS,PASS,PASS,PASS,19,19,PASS
398,E,GAG,,PASS,PASS,PASS,,PASS,PASS,PASS,PASS,PASS,PASS,PASS,PASS,PASS,PASS,PASS,PASS,PASS,PASS,PASS,PASS,19,19,PASS
399,I,ATC,,PASS,PASS,PASS,PASS,PASS,PASS,PASS,,PASS,PASS,PASS,PASS,PASS,PASS,PASS,PASS,PASS,PASS,PASS,PASS,19,19,PASS
400,S,TCA,,PASS,PASS,PASS,PASS,PASS,PASS,PASS,PASS,PASS,PASS,PASS,PASS,PASS,PASS,PASS,,PASS,PASS,PASS,PASS,19,19,PASS
401,D,GAT,,PASS,PASS,,PASS,PASS,PASS,PASS,PASS,PASS,PASS,PASS,PASS,PASS,PASS,PASS,PASS,PASS,PASS,PASS,PASS,19,19,PASS
402,Q,CAG,,PASS,PASS,PASS,PASS,PASS,PASS,PASS,PASS,PASS,PASS,PASS,PASS,PASS,,PASS,PASS,PASS,PASS,PASS,PASS,19,19,PASS
403,R,CGC,,PASS,PASS,PASS,PASS,PASS,PASS,PASS,PASS,PASS,PASS,PASS,PASS,PASS,PASS,,PASS,PASS,PASS,PASS,PASS,19,19,PASS
404,L,CTT,,PASS,PASS,PASS,PASS,PASS,PASS,PASS,PASS,PASS,,PASS,PASS,PASS,PASS,PASS,PASS,PASS,PASS,PASS,PASS,19,19,PASS
405,S,TCT,,PASS,PASS,PASS,PASS,PASS,PASS,PASS,PASS,PASS,PASS,PASS,PASS,PASS,PASS,PASS,,PASS,PASS,PASS,PASS,19,19,PASS
406,I,ATC,,PASS,PASS,PASS,PASS,PASS,PASS,PASS,,PASS,PASS,PASS,PASS,PASS,PASS,PASS,PASS,PASS,PASS,PASS,PASS,19,19,PASS
407,G,GGC,,PASS,PASS,PASS,PASS,PASS,,PASS,PASS,PASS,PASS,PASS,PASS,PASS,PASS,PASS,PASS,PASS,PASS,PASS,PASS,19,19,PASS
408,S,TCC,,PASS,PASS,PASS,PASS,PASS,PASS,PASS,PASS,PASS,PASS,PASS,PASS,PASS,PASS,PASS,,PASS,PASS,PASS,PASS,19,19,PASS
409,P,CCT,,PASS,PASS,PASS,PASS,PASS,PASS,PASS,PASS,PASS,PASS,PASS,PASS,,PASS,PASS,PASS,PASS,PASS,PASS,PASS,19,19,PASS
410,S,AGC,,PASS,PASS,PASS,PASS,PASS,PASS,PASS,PASS,PASS,PASS,PASS,PASS,PASS,PASS,PASS,,PASS,PASS,PASS,PASS,19,19,PASS
411,K,AAA,,PASS,PASS,PASS,PASS,PASS,PASS,PASS,PASS,,PASS,PASS,PASS,PASS,PASS,PASS,PASS,PASS,PASS,PASS,PASS,19,19,PASS
412,I,ATC,,PASS,PASS,PASS,PASS,PASS,PASS,PASS,,PASS,PASS,PASS,PASS,PASS,PASS,PASS,PASS,PASS,PASS,PASS,PASS,19,19,PASS
413,Y,TAC,,PASS,PASS,PASS,PASS,PASS,PASS,PASS,PASS,PASS,PASS,PASS,PASS,PASS,PASS,PASS,PASS,PASS,PASS,PASS,,19,19,PASS
414,D,GAC,,PASS,PASS,,PASS,PASS,PASS,PASS,PASS,PASS,PASS,PASS,PASS,PASS,PASS,PASS,PASS,PASS,PASS,PASS,PASS,19,19,PASS
415,S,TCC,,PASS,PASS,PASS,PASS,PASS,PASS,PASS,PASS,PASS,PASS,PASS,PASS,PASS,PASS,PASS,,PASS,PASS,PASS,PASS,19,19,PASS
416,L,TTG,,PASS,PASS,PASS,PASS,PASS,PASS,PASS,PASS,PASS,,PASS,PASS,PASS,PASS,PASS,PASS,PASS,PASS,PASS,PASS,19,19,PASS
417,G,GGG,,PASS,PASS,PASS,PASS,PASS,,PASS,PASS,PASS,PASS,PASS,PASS,PASS,PASS,PASS,PASS,PASS,PASS,PASS,PASS,19,19,PASS
418,Q,CAG,,PASS,PASS,PASS,PASS,PASS,PASS,PASS,PASS,PASS,PASS,PASS,PASS,PASS,,PASS,PASS,PASS,PASS,PASS,PASS,19,19,PASS
419,P,CCG,,PASS,PASS,PASS,PASS,PASS,PASS,PASS,PASS,PASS,PASS,PASS,PASS,,PASS,PASS,PASS,PASS,PASS,PASS,PASS,19,19,PASS
420,V,GTG,,PASS,PASS,PASS,PASS,PASS,PASS,PASS,PASS,PASS,PASS,PASS,PASS,PASS,PASS,PASS,PASS,PASS,,PASS,PASS,19,19,PASS
421,F,TTC,,PASS,PASS,PASS,PASS,,PASS,PASS,PASS,PASS,PASS,PASS,PASS,PASS,PASS,PASS,PASS,PASS,PASS,PASS,PASS,19,19,PASS
422,Y,TAC,,PASS,PASS,PASS,PASS,PASS,PASS,PASS,PASS,PASS,PASS,PASS,PASS,PASS,PASS,PASS,PASS,PASS,PASS,PASS,,19,19,PASS
423,Q,CAG,,PASS,PASS,PASS,PASS,PASS,PASS,PASS,PASS,PASS,PASS,PASS,PASS,PASS,,PASS,PASS,PASS,PASS,PASS,PASS,19,19,PASS
424,A,GCT,,,PASS,PASS,PASS,PASS,PASS,PASS,PASS,PASS,PASS,PASS,PASS,PASS,PASS,PASS,PASS,PASS,PASS,PASS,PASS,19,19,PASS
425,S,TCC,,PASS,PASS,PASS,PASS,PASS,PASS,PASS,PASS,PASS,PASS,PASS,PASS,PASS,PASS,PASS,,PASS,PASS,PASS,PASS,19,19,PASS
426,F,TTT,,PASS,PASS,PASS,PASS,,PASS,PASS,PASS,PASS,PASS,PASS,PASS,PASS,PASS,PASS,PASS,PASS,PASS,PASS,PASS,19,19,PASS
427,S,TCC,,PASS,PASS,PASS,PASS,PASS,PASS,PASS,PASS,PASS,PASS,PASS,PASS,PASS,PASS,PASS,,PASS,PASS,PASS,PASS,19,19,PASS
428,W,TGG,,PASS,PASS,PASS,PASS,PASS,PASS,PASS,PASS,PASS,PASS,PASS,PASS,PASS,PASS,PASS,PASS,PASS,PASS,,PASS,19,19,PASS
429,D,GAT,,PASS,PASS,,PASS,PASS,PASS,PASS,PASS,PASS,PASS,PASS,PASS,PASS,PASS,PASS,PASS,PASS,PASS,PASS,PASS,19,19,PASS
430,T,ACC,,PASS,PASS,PASS,PASS,PASS,PASS,PASS,PASS,PASS,PASS,PASS,PASS,PASS,PASS,PASS,PASS,,PASS,PASS,PASS,19,19,PASS
431,M,ATG,,PASS,PASS,PASS,PASS,PASS,PASS,PASS,PASS,PASS,PASS,,PASS,PASS,PASS,PASS,PASS,PASS,PASS,PASS,PASS,19,19,PASS
432,I,ATC,,PASS,PASS,PASS,PASS,PASS,PASS,PASS,,PASS,PASS,PASS,PASS,PASS,PASS,PASS,PASS,PASS,PASS,PASS,PASS,19,19,PASS
433,K,AAA,,PASS,PASS,PASS,PASS,PASS,PASS,PASS,PASS,,PASS,PASS,PASS,PASS,PASS,PASS,PASS,PASS,PASS,PASS,PASS,19,19,PASS
434,F,TTC,,PASS,PASS,PASS,PASS,,PASS,PASS,PASS,PASS,PASS,PASS,PASS,PASS,PASS,PASS,PASS,PASS,PASS,PASS,PASS,19,19,PASS
435,G,GGC,,PASS,PASS,PASS,PASS,PASS,,PASS,PASS,PASS,PASS,PASS,PASS,PASS,PASS,PASS,PASS,PASS,PASS,PASS,PASS,19,19,PASS
436,D,GAC,,PASS,PASS,,PASS,PASS,PASS,PASS,PASS,PASS,PASS,PASS,PASS,PASS,PASS,PASS,PASS,PASS,PASS,PASS,PASS,19,19,PASS
437,V,GTC,,PASS,PASS,PASS,PASS,PASS,PASS,PASS,PASS,PASS,PASS,PASS,PASS,PASS,PASS,PASS,PASS,PASS,,PASS,PASS,19,19,PASS
438,L,CTG,,PASS,PASS,PASS,PASS,PASS,PASS,PASS,PASS,PASS,,PASS,PASS,PASS,PASS,PASS,PASS,PASS,PASS,PASS,PASS,19,19,PASS
439,T,ACC,,PASS,PASS,PASS,PASS,PASS,PASS,PASS,PASS,PASS,PASS,PASS,PASS,PASS,PASS,PASS,PASS,,PASS,PASS,PASS,19,19,PASS
440,V,GTA,,PASS,PASS,PASS,PASS,PASS,PASS,PASS,PASS,PASS,PASS,PASS,PASS,PASS,PASS,PASS,PASS,PASS,,PASS,PASS,19,19,PASS
441,N,AAC,,PASS,PASS,PASS,PASS,PASS,PASS,PASS,PASS,PASS,PASS,PASS,,PASS,PASS,PASS,PASS,PASS,PASS,PASS,PASS,19,19,PASS
442,P,CCC,,PASS,PASS,PASS,PASS,PASS,PASS,PASS,PASS,PASS,PASS,PASS,PASS,,PASS,PASS,PASS,PASS,PASS,PASS,PASS,19,19,PASS
443,L,CTG,,PASS,PASS,PASS,PASS,PASS,PASS,PASS,PASS,PASS,,PASS,PASS,PASS,PASS,PASS,PASS,PASS,PASS,PASS,PASS,19,19,PASS
444,V,GTT,,PASS,PASS,PASS,PASS,PASS,PASS,PASS,PASS,PASS,PASS,PASS,PASS,PASS,PASS,PASS,PASS,PASS,,PASS,PASS,19,19,PASS
445,V,GTG,,PASS,PASS,PASS,PASS,PASS,PASS,PASS,PASS,PASS,PASS,PASS,PASS,PASS,PASS,PASS,PASS,PASS,,PASS,PASS,19,19,PASS
446,N,AAC,,PASS,PASS,PASS,PASS,PASS,PASS,PASS,PASS,PASS,PASS,PASS,,PASS,PASS,PASS,PASS,PASS,PASS,PASS,PASS,19,19,PASS
447,W,TGG,,PASS,PASS,PASS,PASS,PASS,PASS,PASS,PASS,PASS,PASS,PASS,PASS,PASS,PASS,PASS,PASS,PASS,PASS,,PASS,19,19,PASS
448,R,AGA,,PASS,PASS,PASS,PASS,PASS,PASS,PASS,PASS,PASS,PASS,PASS,PASS,PASS,PASS,,PASS,PASS,PASS,PASS,PASS,19,19,PASS
449,N,AAT,,PASS,PASS,PASS,PASS,PASS,PASS,PASS,PASS,PASS,PASS,PASS,,PASS,PASS,PASS,PASS,PASS,PASS,PASS,PASS,19,19,PASS
450,N,AAC,,PASS,PASS,PASS,PASS,PASS,PASS,PASS,PASS,PASS,PASS,PASS,,PASS,PASS,PASS,PASS,PASS,PASS,PASS,PASS,19,19,PASS
451,T,ACG,,PASS,PASS,PASS,PASS,PASS,PASS,PASS,PASS,PASS,PASS,PASS,PASS,PASS,PASS,PASS,PASS,,PASS,PASS,PASS,19,19,PASS
452,V,GTG,,PASS,PASS,PASS,PASS,PASS,PASS,PASS,PASS,PASS,PASS,PASS,PASS,PASS,PASS,PASS,PASS,PASS,,PASS,PASS,19,19,PASS
453,I,ATT,,PASS,PASS,PASS,PASS,PASS,PASS,PASS,,PASS,PASS,PASS,PASS,PASS,PASS,PASS,PASS,PASS,PASS,PASS,PASS,19,19,PASS
454,S,AGT,,PASS,PASS,PASS,PASS,PASS,PASS,PASS,PASS,PASS,PASS,PASS,PASS,PASS,PASS,PASS,,PASS,PASS,PASS,PASS,19,19,PASS
455,R,CGT,,PASS,PASS,PASS,PASS,PASS,PASS,PASS,PASS,PASS,PASS,PASS,PASS,PASS,PASS,,PASS,PASS,PASS,PASS,PASS,19,19,PASS
456,P,CCG,,PASS,PASS,PASS,PASS,PASS,PASS,PASS,PASS,PASS,PASS,PASS,PASS,,PASS,PASS,PASS,PASS,PASS,PASS,PASS,19,19,PASS
457,G,GGT,,PASS,PASS,PASS,PASS,PASS,,PASS,PASS,PASS,PASS,PASS,PASS,PASS,PASS,PASS,PASS,PASS,PASS,PASS,PASS,19,19,PASS
458,Q,CAG,,PASS,PASS,PASS,PASS,PASS,PASS,PASS,PASS,PASS,PASS,PASS,PASS,PASS,,PASS,PASS,PASS,PASS,PASS,PASS,19,19,PASS
459,S,TCC,,PASS,PASS,PASS,PASS,PASS,PASS,PASS,PASS,PASS,PASS,PASS,PASS,PASS,PASS,PASS,,PASS,PASS,PASS,PASS,19,19,PASS
460,Q,CAG,,PASS,PASS,PASS,PASS,PASS,PASS,PASS,PASS,PASS,PASS,PASS,PASS,PASS,,PASS,PASS,PASS,PASS,PASS,PASS,19,19,PASS
461,C,TGC,,PASS,,PASS,PASS,PASS,PASS,PASS,PASS,PASS,FAIL,PASS,PASS,PASS,PASS,PASS,PASS,PASS,PASS,PASS,PASS,19,18,PASS
462,P,CCC,,PASS,PASS,PASS,PASS,PASS,PASS,PASS,PASS,PASS,PASS,PASS,PASS,,PASS,PASS,PASS,PASS,PASS,PASS,PASS,19,19,PASS
463,R,CGC,,PASS,PASS,PASS,PASS,PASS,PASS,PASS,PASS,PASS,PASS,PASS,PASS,PASS,PASS,,PASS,PASS,PASS,PASS,PASS,19,19,PASS
464,F,TTC,,PASS,PASS,PASS,PASS,,PASS,PASS,PASS,PASS,PASS,PASS,PASS,PASS,PASS,PASS,PASS,PASS,PASS,PASS,PASS,19,19,PASS
465,N,AAT,,PASS,PASS,PASS,PASS,PASS,PASS,PASS,PASS,PASS,PASS,PASS,,PASS,PASS,PASS,PASS,PASS,PASS,PASS,PASS,19,19,PASS
466,T,ACC,,PASS,PASS,PASS,PASS,PASS,PASS,PASS,PASS,PASS,PASS,PASS,PASS,PASS,PASS,PASS,PASS,,PASS,PASS,PASS,19,19,PASS
467,C,TGT,,PASS,,PASS,PASS,PASS,PASS,PASS,PASS,PASS,PASS,PASS,PASS,PASS,PASS,PASS,PASS,PASS,PASS,PASS,PASS,19,19,PASS
468,P,CCT,,PASS,PASS,PASS,PASS,PASS,PASS,PASS,PASS,PASS,PASS,PASS,PASS,,PASS,PASS,PASS,PASS,PASS,PASS,PASS,19,19,PASS
469,E,GAG,,PASS,PASS,PASS,,PASS,PASS,PASS,PASS,PASS,PASS,PASS,PASS,PASS,PASS,PASS,PASS,PASS,PASS,PASS,PASS,19,19,PASS
470,I,ATC,,PASS,PASS,PASS,PASS,PASS,PASS,PASS,,PASS,PASS,PASS,PASS,PASS,PASS,PASS,PASS,PASS,PASS,PASS,PASS,19,19,PASS
471,C,TGT,,PASS,,PASS,PASS,PASS,PASS,PASS,PASS,PASS,PASS,PASS,PASS,PASS,PASS,PASS,PASS,PASS,PASS,PASS,PASS,19,19,PASS
472,W,TGG,,PASS,PASS,PASS,PASS,PASS,PASS,PASS,PASS,PASS,PASS,PASS,PASS,PASS,PASS,PASS,PASS,PASS,PASS,,PASS,19,19,PASS
473,E,GAG,,PASS,PASS,PASS,,PASS,PASS,PASS,PASS,PASS,PASS,PASS,PASS,PASS,PASS,PASS,PASS,PASS,PASS,PASS,PASS,19,19,PASS
474,G,GGA,,PASS,PASS,PASS,PASS,PASS,,PASS,PASS,PASS,PASS,PASS,PASS,PASS,PASS,PASS,PASS,PASS,PASS,PASS,PASS,19,19,PASS
475,V,GTC,,PASS,PASS,PASS,PASS,PASS,PASS,PASS,PASS,PASS,PASS,PASS,PASS,PASS,PASS,PASS,PASS,PASS,,PASS,PASS,19,19,PASS
476,Y,TAC,,PASS,PASS,PASS,PASS,PASS,PASS,PASS,PASS,PASS,PASS,PASS,PASS,PASS,PASS,PASS,PASS,PASS,PASS,PASS,,19,19,PASS
477,N,AAC,,PASS,PASS,PASS,PASS,PASS,PASS,PASS,PASS,PASS,PASS,PASS,,PASS,PASS,PASS,PASS,PASS,PASS,PASS,PASS,19,19,PASS
478,D,GAT,,PASS,PASS,,PASS,PASS,PASS,PASS,PASS,PASS,PASS,PASS,PASS,PASS,PASS,PASS,PASS,PASS,PASS,PASS,PASS,19,19,PASS
479,A,GCC,,,PASS,PASS,PASS,PASS,PASS,PASS,PASS,PASS,PASS,PASS,PASS,PASS,PASS,PASS,PASS,PASS,PASS,PASS,PASS,19,19,PASS
480,F,TTC,,PASS,PASS,PASS,PASS,,PASS,PASS,PASS,PASS,PASS,PASS,PASS,PASS,PASS,PASS,PASS,PASS,PASS,PASS,PASS,19,19,PASS
481,L,CTC,,PASS,PASS,PASS,PASS,PASS,PASS,PASS,PASS,PASS,,PASS,PASS,PASS,PASS,PASS,PASS,PASS,PASS,PASS,PASS,19,19,PASS
482,I,ATC,,PASS,PASS,PASS,PASS,PASS,PASS,PASS,,PASS,PASS,PASS,PASS,PASS,PASS,PASS,PASS,PASS,PASS,PASS,PASS,19,19,PASS
483,D,GAC,,PASS,PASS,,PASS,PASS,PASS,PASS,PASS,PASS,PASS,PASS,PASS,PASS,PASS,PASS,PASS,PASS,PASS,PASS,PASS,19,19,PASS
484,R,AGA,,PASS,PASS,PASS,PASS,PASS,PASS,PASS,PASS,PASS,PASS,PASS,PASS,PASS,PASS,,PASS,PASS,PASS,PASS,PASS,19,19,PASS
485,I,ATC,,PASS,PASS,PASS,PASS,PASS,PASS,PASS,,PASS,PASS,PASS,PASS,PASS,PASS,PASS,PASS,PASS,PASS,PASS,PASS,19,19,PASS
486,N,AAC,,PASS,PASS,PASS,PASS,PASS,PASS,PASS,PASS,PASS,PASS,PASS,,PASS,PASS,PASS,PASS,PASS,PASS,PASS,PASS,19,19,PASS
487,W,TGG,,PASS,PASS,PASS,PASS,PASS,PASS,PASS,PASS,PASS,PASS,PASS,PASS,PASS,PASS,PASS,PASS,PASS,PASS,,PASS,19,19,PASS
488,I,ATC,,PASS,PASS,PASS,PASS,PASS,PASS,PASS,,PASS,PASS,PASS,PASS,PASS,PASS,PASS,PASS,PASS,PASS,PASS,PASS,19,19,PASS
489,S,TCT,,PASS,PASS,PASS,PASS,PASS,PASS,PASS,PASS,PASS,PASS,PASS,PASS,PASS,PASS,PASS,,PASS,PASS,PASS,PASS,19,19,PASS
490,A,GCG,,,PASS,PASS,PASS,PASS,PASS,PASS,PASS,PASS,PASS,PASS,PASS,PASS,PASS,PASS,PASS,PASS,PASS,PASS,PASS,19,19,PASS
491,G,GGC,,PASS,PASS,PASS,PASS,PASS,,PASS,PASS,PASS,PASS,PASS,PASS,PASS,PASS,PASS,PASS,PASS,PASS,PASS,PASS,19,19,PASS
492,V,GTT,,PASS,FAIL,PASS,PASS,PASS,PASS,PASS,PASS,PASS,PASS,PASS,PASS,PASS,PASS,PASS,PASS,PASS,,FAIL,PASS,19,17,PASS
493,F,TTC,,PASS,PASS,PASS,PASS,,PASS,PASS,PASS,PASS,PASS,PASS,PASS,PASS,PASS,PASS,PASS,PASS,PASS,PASS,PASS,19,19,PASS
494,L,CTC,,PASS,PASS,PASS,PASS,PASS,PASS,PASS,PASS,PASS,,PASS,PASS,PASS,PASS,PASS,PASS,PASS,PASS,PASS,PASS,19,19,PASS
495,D,GAC,,PASS,PASS,,PASS,PASS,PASS,PASS,PASS,PASS,PASS,PASS,PASS,PASS,PASS,PASS,PASS,PASS,PASS,PASS,PASS,19,19,PASS
496,S,AGC,,PASS,PASS,PASS,PASS,PASS,PASS,PASS,PASS,PASS,PASS,PASS,PASS,PASS,PASS,PASS,,PASS,PASS,PASS,PASS,19,19,PASS
497,N,AAC,,PASS,PASS,PASS,FAIL,PASS,PASS,PASS,PASS,PASS,PASS,PASS,,PASS,PASS,PASS,PASS,PASS,PASS,PASS,PASS,19,18,PASS
498,Q,CAG,,PASS,PASS,PASS,PASS,PASS,PASS,PASS,PASS,PASS,PASS,PASS,PASS,PASS,,PASS,PASS,PASS,PASS,PASS,PASS,19,19,PASS
499,T,ACC,,PASS,PASS,PASS,PASS,PASS,PASS,PASS,PASS,PASS,PASS,PASS,PASS,PASS,PASS,PASS,PASS,,PASS,PASS,PASS,19,19,PASS
500,A,GCC,,,PASS,PASS,PASS,PASS,PASS,PASS,PASS,PASS,PASS,PASS,PASS,PASS,PASS,PASS,PASS,PASS,PASS,PASS,PASS,19,19,PASS
501,E,GAG,,PASS,PASS,PASS,,PASS,PASS,PASS,PASS,PASS,PASS,PASS,PASS,PASS,PASS,PASS,PASS,PASS,PASS,PASS,PASS,19,19,PASS
502,N,AAC,,PASS,PASS,PASS,PASS,PASS,PASS,PASS,PASS,PASS,PASS,PASS,,PASS,PASS,PASS,PASS,PASS,PASS,PASS,PASS,19,19,PASS
503,P,CCA,,PASS,PASS,PASS,PASS,PASS,PASS,PASS,PASS,PASS,PASS,PASS,PASS,,PASS,PASS,PASS,PASS,PASS,PASS,PASS,19,19,PASS
504,V,GTG,,PASS,PASS,PASS,PASS,PASS,PASS,PASS,PASS,PASS,PASS,PASS,PASS,PASS,PASS,PASS,PASS,PASS,,PASS,PASS,19,19,PASS
505,F,TTC,,PASS,PASS,PASS,PASS,,PASS,PASS,PASS,PASS,PASS,PASS,PASS,PASS,PASS,PASS,PASS,PASS,PASS,PASS,PASS,19,19,PASS
506,T,ACC,,PASS,PASS,PASS,PASS,PASS,PASS,PASS,PASS,PASS,PASS,PASS,PASS,PASS,PASS,PASS,PASS,,PASS,PASS,PASS,19,19,PASS
507,V,GTC,,PASS,PASS,PASS,PASS,PASS,PASS,PASS,PASS,PASS,PASS,PASS,PASS,PASS,PASS,PASS,PASS,PASS,,PASS,PASS,19,19,PASS
508,F,TTT,,PASS,PASS,PASS,PASS,,PASS,PASS,PASS,PASS,PASS,PASS,PASS,PASS,PASS,PASS,PASS,PASS,PASS,PASS,PASS,19,19,PASS
509,K,AAA,,PASS,PASS,PASS,PASS,PASS,PASS,PASS,PASS,,PASS,PASS,PASS,PASS,PASS,PASS,PASS,PASS,PASS,PASS,PASS,19,19,PASS
510,D,GAT,,PASS,PASS,,PASS,PASS,PASS,PASS,PASS,PASS,PASS,PASS,PASS,PASS,PASS,PASS,PASS,PASS,PASS,PASS,PASS,19,19,PASS
511,N,AAC,,PASS,PASS,PASS,PASS,PASS,PASS,PASS,PASS,PASS,PASS,PASS,,PASS,PASS,PASS,PASS,PASS,PASS,PASS,PASS,19,19,PASS
512,E,GAA,,PASS,PASS,PASS,,PASS,PASS,PASS,PASS,PASS,PASS,PASS,PASS,PASS,PASS,PASS,PASS,PASS,PASS,PASS,PASS,19,19,PASS
513,I,ATC,,PASS,PASS,PASS,PASS,PASS,PASS,PASS,,PASS,PASS,PASS,PASS,PASS,PASS,PASS,PASS,PASS,PASS,PASS,PASS,19,19,PASS
514,L,CTG,,PASS,PASS,PASS,PASS,PASS,PASS,PASS,PASS,PASS,,PASS,PASS,PASS,PASS,PASS,PASS,PASS,PASS,PASS,PASS,19,19,PASS
515,Y,TAT,,PASS,PASS,PASS,PASS,PASS,PASS,PASS,PASS,PASS,PASS,PASS,PASS,PASS,PASS,PASS,PASS,PASS,PASS,PASS,,19,19,PASS
516,R,CGC,,PASS,PASS,PASS,PASS,PASS,PASS,PASS,PASS,PASS,PASS,PASS,PASS,PASS,PASS,,PASS,PASS,PASS,PASS,PASS,19,19,PASS
517,A,GCC,,,PASS,PASS,PASS,PASS,PASS,PASS,PASS,PASS,PASS,PASS,PASS,PASS,PASS,PASS,PASS,PASS,PASS,PASS,PASS,19,19,PASS
518,Q,CAG,,PASS,PASS,PASS,PASS,PASS,PASS,PASS,PASS,PASS,PASS,PASS,PASS,PASS,,PASS,PASS,PASS,PASS,PASS,PASS,19,19,PASS
519,L,CTC,,PASS,PASS,PASS,PASS,PASS,PASS,PASS,PASS,PASS,,PASS,PASS,PASS,PASS,PASS,PASS,PASS,PASS,PASS,PASS,19,19,PASS
520,A,GCT,,,PASS,PASS,PASS,PASS,PASS,PASS,PASS,PASS,PASS,PASS,PASS,PASS,PASS,PASS,PASS,PASS,PASS,PASS,PASS,19,19,PASS
521,S,AGC,,PASS,PASS,PASS,PASS,PASS,PASS,PASS,PASS,PASS,PASS,PASS,PASS,PASS,PASS,PASS,,PASS,PASS,PASS,PASS,19,19,PASS
522,E,GAG,,PASS,PASS,PASS,,PASS,PASS,PASS,PASS,PASS,PASS,PASS,PASS,PASS,PASS,PASS,PASS,PASS,PASS,FAIL,PASS,19,18,PASS
523,D,GAC,,PASS,PASS,,PASS,PASS,PASS,PASS,PASS,PASS,FAIL,PASS,PASS,PASS,FAIL,PASS,PASS,PASS,PASS,PASS,PASS,19,17,PASS
524,T,ACT,,PASS,PASS,PASS,PASS,PASS,PASS,PASS,PASS,PASS,PASS,PASS,PASS,PASS,PASS,PASS,PASS,,PASS,PASS,PASS,19,19,PASS
525,N,AAC,,PASS,PASS,PASS,PASS,PASS,PASS,PASS,PASS,PASS,PASS,PASS,,PASS,PASS,PASS,PASS,PASS,PASS,PASS,PASS,19,19,PASS
526,A,GCC,,,PASS,PASS,PASS,PASS,PASS,PASS,PASS,PASS,PASS,PASS,PASS,PASS,PASS,PASS,PASS,PASS,PASS,PASS,PASS,19,19,PASS
527,Q,CAG,,PASS,PASS,PASS,PASS,PASS,PASS,PASS,PASS,PASS,PASS,PASS,PASS,PASS,,PASS,PASS,PASS,PASS,PASS,PASS,19,19,PASS
528,K,AAG,,PASS,PASS,PASS,PASS,PASS,PASS,PASS,PASS,,PASS,PASS,PASS,PASS,PASS,PASS,PASS,PASS,PASS,PASS,PASS,19,19,PASS
529,T,ACC,,PASS,PASS,PASS,PASS,PASS,PASS,PASS,PASS,PASS,PASS,PASS,PASS,PASS,PASS,PASS,PASS,,PASS,PASS,PASS,19,19,PASS
530,I,ATT,,PASS,PASS,PASS,PASS,PASS,PASS,PASS,,PASS,PASS,PASS,PASS,PASS,PASS,PASS,PASS,PASS,PASS,PASS,PASS,19,19,PASS
531,T,ACG,,PASS,PASS,PASS,PASS,PASS,PASS,PASS,PASS,PASS,PASS,PASS,PASS,PASS,PASS,PASS,PASS,,PASS,PASS,PASS,19,19,PASS
532,N,AAC,,PASS,PASS,PASS,PASS,PASS,PASS,PASS,PASS,PASS,PASS,PASS,,PASS,PASS,PASS,PASS,PASS,PASS,PASS,PASS,19,19,PASS
533,C,TGT,,PASS,,PASS,PASS,PASS,PASS,PASS,PASS,PASS,PASS,PASS,PASS,PASS,PASS,PASS,PASS,PASS,PASS,PASS,PASS,19,19,PASS
534,F,TTT,,PASS,PASS,PASS,PASS,,PASS,PASS,PASS,PASS,PASS,PASS,PASS,PASS,PASS,PASS,PASS,PASS,PASS,PASS,PASS,19,19,PASS
535,L,CTC,,PASS,PASS,PASS,PASS,PASS,PASS,PASS,PASS,PASS,,PASS,PASS,PASS,PASS,PASS,PASS,PASS,PASS,PASS,PASS,19,19,PASS
536,L,CTG,,PASS,PASS,PASS,PASS,PASS,PASS,PASS,PASS,PASS,,PASS,PASS,PASS,PASS,PASS,PASS,PASS,PASS,PASS,PASS,19,19,PASS
537,K,AAA,,PASS,PASS,PASS,PASS,PASS,PASS,PASS,PASS,,PASS,PASS,PASS,PASS,PASS,PASS,PASS,PASS,PASS,PASS,PASS,19,19,PASS
538,N,AAC,,PASS,PASS,PASS,PASS,PASS,PASS,PASS,PASS,PASS,PASS,PASS,,PASS,PASS,PASS,PASS,PASS,PASS,PASS,PASS,19,19,PASS
539,K,AAG,,PASS,PASS,PASS,PASS,PASS,PASS,PASS,PASS,,PASS,PASS,PASS,PASS,PASS,PASS,PASS,PASS,PASS,PASS,PASS,19,19,PASS
540,I,ATC,,PASS,PASS,PASS,PASS,PASS,PASS,PASS,,PASS,PASS,PASS,PASS,PASS,PASS,PASS,PASS,PASS,PASS,PASS,PASS,19,19,PASS
541,W,TGG,,PASS,PASS,PASS,PASS,PASS,PASS,PASS,PASS,PASS,PASS,PASS,PASS,PASS,PASS,PASS,PASS,PASS,PASS,,PASS,19,19,PASS
542,C,TGC,,PASS,,PASS,PASS,PASS,PASS,PASS,PASS,PASS,PASS,PASS,PASS,PASS,PASS,PASS,PASS,PASS,PASS,PASS,PASS,19,19,PASS
543,I,ATC,,PASS,PASS,PASS,PASS,PASS,PASS,PASS,,PASS,PASS,PASS,PASS,PASS,PASS,PASS,PASS,PASS,PASS,PASS,PASS,19,19,PASS
544,S,TCC,,PASS,PASS,PASS,PASS,PASS,PASS,PASS,PASS,PASS,PASS,PASS,PASS,PASS,PASS,PASS,,PASS,PASS,PASS,PASS,19,19,PASS
545,L,CTG,,PASS,PASS,PASS,PASS,PASS,PASS,PASS,PASS,PASS,,PASS,PASS,PASS,PASS,PASS,PASS,PASS,PASS,PASS,PASS,19,19,PASS
546,V,GTC,,PASS,PASS,PASS,PASS,PASS,PASS,PASS,PASS,PASS,PASS,PASS,PASS,PASS,PASS,PASS,PASS,PASS,,PASS,PASS,19,19,PASS
547,E,GAA,,PASS,PASS,PASS,,PASS,PASS,PASS,PASS,PASS,PASS,PASS,PASS,PASS,PASS,PASS,PASS,PASS,PASS,PASS,PASS,19,19,PASS
548,I,ATC,,PASS,PASS,PASS,PASS,PASS,PASS,PASS,,PASS,PASS,PASS,PASS,PASS,PASS,PASS,PASS,PASS,PASS,PASS,PASS,19,19,PASS
549,Y,TAC,,PASS,PASS,PASS,PASS,PASS,PASS,PASS,PASS,PASS,PASS,PASS,PASS,PASS,PASS,PASS,PASS,PASS,PASS,PASS,,19,19,PASS
550,D,GAC,,PASS,PASS,,PASS,PASS,PASS,PASS,PASS,PASS,PASS,PASS,PASS,PASS,PASS,PASS,PASS,PASS,PASS,PASS,PASS,19,19,PASS
551,T,ACC,,PASS,PASS,PASS,PASS,PASS,PASS,PASS,PASS,PASS,PASS,PASS,PASS,PASS,FAIL,PASS,PASS,,PASS,PASS,PASS,19,18,PASS
552,G,GGC,,PASS,PASS,PASS,PASS,PASS,,PASS,PASS,PASS,PASS,PASS,PASS,PASS,PASS,PASS,PASS,PASS,PASS,PASS,PASS,19,19,PASS
553,D,GAT,,PASS,PASS,,PASS,PASS,PASS,PASS,PASS,PASS,PASS,PASS,PASS,PASS,PASS,PASS,PASS,PASS,PASS,PASS,PASS,19,19,PASS
554,N,AAC,,PASS,PASS,PASS,PASS,PASS,PASS,PASS,PASS,PASS,PASS,PASS,,PASS,PASS,PASS,PASS,PASS,PASS,PASS,PASS,19,19,PASS
555,V,GTC,,PASS,PASS,PASS,PASS,PASS,PASS,PASS,PASS,PASS,PASS,PASS,PASS,PASS,PASS,PASS,PASS,PASS,,PASS,PASS,19,19,PASS
556,I,ATT,,PASS,PASS,PASS,PASS,PASS,PASS,PASS,,PASS,PASS,PASS,PASS,PASS,PASS,PASS,PASS,PASS,PASS,PASS,PASS,19,19,PASS
557,R,CGC,,PASS,PASS,PASS,PASS,PASS,PASS,PASS,PASS,PASS,PASS,PASS,PASS,PASS,PASS,,PASS,PASS,PASS,PASS,PASS,19,19,PASS
558,P,CCG,,PASS,PASS,PASS,PASS,PASS,PASS,PASS,PASS,PASS,PASS,PASS,PASS,,PASS,PASS,PASS,PASS,PASS,PASS,PASS,19,19,PASS
559,K,AAG,,PASS,PASS,PASS,PASS,PASS,PASS,PASS,PASS,,PASS,PASS,PASS,PASS,PASS,PASS,PASS,PASS,PASS,PASS,PASS,19,19,PASS
560,L,CTG,,PASS,PASS,PASS,PASS,PASS,PASS,PASS,PASS,PASS,,PASS,PASS,PASS,PASS,PASS,PASS,PASS,PASS,PASS,PASS,19,19,PASS
561,F,TTC,,PASS,PASS,PASS,PASS,,PASS,PASS,PASS,PASS,PASS,PASS,PASS,PASS,PASS,PASS,PASS,PASS,PASS,PASS,PASS,19,19,PASS
562,A,GCG,,,PASS,PASS,PASS,PASS,PASS,PASS,PASS,PASS,PASS,PASS,PASS,PASS,PASS,PASS,PASS,PASS,PASS,PASS,PASS,19,19,PASS
563,V,GTC,,PASS,PASS,PASS,PASS,PASS,PASS,PASS,PASS,PASS,PASS,PASS,PASS,PASS,PASS,PASS,PASS,PASS,,PASS,PASS,19,19,PASS
564,K,AAA,,PASS,PASS,PASS,PASS,PASS,PASS,PASS,PASS,,PASS,PASS,PASS,PASS,PASS,PASS,PASS,PASS,PASS,PASS,PASS,19,19,PASS
565,I,ATC,,PASS,PASS,PASS,PASS,PASS,PASS,PASS,,PASS,PASS,PASS,PASS,PASS,PASS,PASS,PASS,PASS,PASS,PASS,PASS,19,19,PASS
566,P,CCC,,PASS,PASS,PASS,PASS,PASS,PASS,PASS,PASS,PASS,PASS,PASS,PASS,,PASS,PASS,PASS,PASS,PASS,PASS,PASS,19,19,PASS
567,E,GAG,,PASS,PASS,PASS,,PASS,PASS,PASS,PASS,PASS,PASS,PASS,PASS,PASS,PASS,PASS,PASS,PASS,PASS,PASS,PASS,19,19,PASS
568,Q,CAG,,PASS,PASS,PASS,PASS,PASS,PASS,PASS,PASS,PASS,PASS,PASS,PASS,PASS,,PASS,PASS,PASS,PASS,PASS,PASS,19,19,PASS
569,C,TGC,,PASS,,PASS,PASS,PASS,PASS,PASS,PASS,PASS,PASS,PASS,PASS,PASS,PASS,PASS,PASS,PASS,PASS,PASS,PASS,19,19,PASS
570,T,ACG,,PASS,PASS,PASS,PASS,PASS,PASS,PASS,PASS,PASS,PASS,PASS,PASS,PASS,PASS,PASS,PASS,,PASS,PASS,PASS,19,19,PASS